id,name,generation,type_1,type_2,ability_1,ability_2,hidden_ability,is_legendary,hp,atk,def,sp_atk,sp_def,speed,total
1,bulbasaur,1,grass,poison,overgrow,,chlorophyll,0,45,49,49,65,65,45,318
2,ivysaur,1,grass,poison,overgrow,,chlorophyll,0,60,62,63,80,80,60,405
3,venusaur,1,grass,poison,overgrow,,chlorophyll,0,80,82,83,100,100,80,525
4,charmander,1,fire,,blaze,,solar-power,0,39,52,43,60,50,65,309
5,charmeleon,1,fire,,blaze,,solar-power,0,58,64,58,80,65,80,405
6,charizard,1,fire,flying,blaze,,solar-power,0,78,84,78,109,85,100,534
7,squirtle,1,water,,torrent,,rain-dish,0,44,48,65,50,64,43,314
8,wartortle,1,water,,torrent,,rain-dish,0,59,63,80,65,80,58,405
9,blastoise,1,water,,torrent,,rain-dish,0,79,83,100,85,105,78,530
10,caterpie,1,bug,,shield-dust,,run-away,0,45,30,35,20,20,45,195
11,metapod,1,bug,,shed-skin,,,0,50,20,55,25,25,30,205
12,butterfree,1,bug,flying,compound-eyes,,tinted-lens,0,60,45,50,90,80,70,395
13,weedle,1,bug,poison,shield-dust,,run-away,0,40,35,30,20,20,50,195
14,kakuna,1,bug,poison,shed-skin,,,0,45,25,50,25,25,35,205
15,beedrill,1,bug,poison,swarm,,sniper,0,65,90,40,45,80,75,395
16,pidgey,1,normal,flying,keen-eye,tangled-feet,big-pecks,0,40,45,40,35,35,56,251
17,pidgeotto,1,normal,flying,keen-eye,tangled-feet,big-pecks,0,63,60,55,50,50,71,349
18,pidgeot,1,normal,flying,keen-eye,tangled-feet,big-pecks,0,83,80,75,70,70,101,479
19,rattata,1,normal,,run-away,guts,hustle,0,30,56,35,25,35,72,253
20,raticate,1,normal,,run-away,guts,hustle,0,55,81,60,50,70,97,413
21,spearow,1,normal,flying,keen-eye,,sniper,0,40,60,30,31,31,70,262
22,fearow,1,normal,flying,keen-eye,,sniper,0,65,90,65,61,61,100,442
23,ekans,1,poison,,intimidate,shed-skin,unnerve,0,35,60,44,40,54,55,288
24,arbok,1,poison,,intimidate,shed-skin,unnerve,0,60,95,69,65,79,80,448
25,pikachu,1,electric,,static,,lightning-rod,0,35,55,40,50,50,90,320
26,raichu,1,electric,,static,,lightning-rod,0,60,90,55,90,80,110,485
27,sandshrew,1,ground,,sand-veil,,sand-rush,0,50,75,85,20,30,40,300
28,sandslash,1,ground,,sand-veil,,sand-rush,0,75,100,110,45,55,65,450
29,nidoran-f,1,poison,,poison-point,rivalry,hustle,0,55,47,52,40,40,41,275
30,nidorina,1,poison,,poison-point,rivalry,hustle,0,70,62,67,55,55,56,365
31,nidoqueen,1,poison,ground,poison-point,rivalry,sheer-force,0,90,92,87,75,85,76,505
32,nidoran-m,1,poison,,poison-point,rivalry,hustle,0,46,57,40,40,40,50,273
33,nidorino,1,poison,,poison-point,rivalry,hustle,0,61,72,57,55,55,65,365
34,nidoking,1,poison,ground,poison-point,rivalry,sheer-force,0,81,102,77,85,75,85,505
35,clefairy,1,fairy,,cute-charm,magic-guard,friend-guard,0,70,45,48,60,65,35,323
36,clefable,1,fairy,,cute-charm,magic-guard,unaware,0,95,70,73,95,90,60,483
37,vulpix,1,fire,,flash-fire,,drought,0,38,41,40,50,65,65,299
38,ninetales,1,fire,,flash-fire,,drought,0,73,76,75,81,100,100,505
39,jigglypuff,1,normal,fairy,cute-charm,competitive,friend-guard,0,115,45,20,45,25,20,270
40,wigglytuff,1,normal,fairy,cute-charm,competitive,frisk,0,140,70,45,85,50,45,435
41,zubat,1,poison,flying,inner-focus,,infiltrator,0,40,45,35,30,40,55,245
42,golbat,1,poison,flying,inner-focus,,infiltrator,0,75,80,70,65,75,90,455
43,oddish,1,grass,poison,chlorophyll,,run-away,0,45,50,55,75,65,30,320
44,gloom,1,grass,poison,chlorophyll,,stench,0,60,65,70,85,75,40,395
45,vileplume,1,grass,poison,chlorophyll,,effect-spore,0,75,80,85,110,90,50,490
46,paras,1,bug,grass,effect-spore,dry-skin,damp,0,35,70,55,45,55,25,285
47,parasect,1,bug,grass,effect-spore,dry-skin,damp,0,60,95,80,60,80,30,405
48,venonat,1,bug,poison,compound-eyes,tinted-lens,run-away,0,60,55,50,40,55,45,305
49,venomoth,1,bug,poison,shield-dust,tinted-lens,wonder-skin,0,70,65,60,90,75,90,450
50,diglett,1,ground,,sand-veil,arena-trap,sand-force,0,10,55,25,35,45,95,265
51,dugtrio,1,ground,,sand-veil,arena-trap,sand-force,0,35,100,50,50,70,120,425
52,meowth,1,normal,,pickup,technician,unnerve,0,40,45,35,40,40,90,290
53,persian,1,normal,,limber,technician,unnerve,0,65,70,60,65,65,115,440
54,psyduck,1,water,,damp,cloud-nine,swift-swim,0,50,52,48,65,50,55,320
55,golduck,1,water,,damp,cloud-nine,swift-swim,0,80,82,78,95,80,85,500
56,mankey,1,fighting,,vital-spirit,anger-point,defiant,0,40,80,35,35,45,70,305
57,primeape,1,fighting,,vital-spirit,anger-point,defiant,0,65,105,60,60,70,95,455
58,growlithe,1,fire,,intimidate,flash-fire,justified,0,55,70,45,70,50,60,350
59,arcanine,1,fire,,intimidate,flash-fire,justified,0,90,110,80,100,80,95,555
60,poliwag,1,water,,water-absorb,damp,swift-swim,0,40,50,40,40,40,90,300
61,poliwhirl,1,water,,water-absorb,damp,swift-swim,0,65,65,65,50,50,90,385
62,poliwrath,1,water,fighting,water-absorb,damp,swift-swim,0,90,95,95,70,90,70,510
63,abra,1,psychic,,synchronize,inner-focus,magic-guard,0,25,20,15,105,55,90,310
64,kadabra,1,psychic,,synchronize,inner-focus,magic-guard,0,40,35,30,120,70,105,400
65,alakazam,1,psychic,,synchronize,inner-focus,magic-guard,0,55,50,45,135,95,120,500
66,machop,1,fighting,,guts,no-guard,steadfast,0,70,80,50,35,35,35,305
67,machoke,1,fighting,,guts,no-guard,steadfast,0,80,100,70,50,60,45,405
68,machamp,1,fighting,,guts,no-guard,steadfast,0,90,130,80,65,85,55,505
69,bellsprout,1,grass,poison,chlorophyll,,gluttony,0,50,75,35,70,30,40,300
70,weepinbell,1,grass,poison,chlorophyll,,gluttony,0,65,90,50,85,45,55,390
71,victreebel,1,grass,poison,chlorophyll,,gluttony,0,80,105,65,100,70,70,490
72,tentacool,1,water,poison,clear-body,liquid-ooze,rain-dish,0,40,40,35,50,100,70,335
73,tentacruel,1,water,poison,clear-body,liquid-ooze,rain-dish,0,80,70,65,80,120,100,515
74,geodude,1,rock,ground,rock-head,sturdy,sand-veil,0,40,80,100,30,30,20,300
75,graveler,1,rock,ground,rock-head,sturdy,sand-veil,0,55,95,115,45,45,35,390
76,golem,1,rock,ground,rock-head,sturdy,sand-veil,0,80,120,130,55,65,45,495
77,ponyta,1,fire,,run-away,flash-fire,flame-body,0,50,85,55,65,65,90,410
78,rapidash,1,fire,,run-away,flash-fire,flame-body,0,65,100,70,80,80,105,500
79,slowpoke,1,water,psychic,oblivious,own-tempo,regenerator,0,90,65,65,40,40,15,315
80,slowbro,1,water,psychic,oblivious,own-tempo,regenerator,0,95,75,110,100,80,30,490
81,magnemite,1,electric,steel,magnet-pull,sturdy,analytic,0,25,35,70,95,55,45,325
82,magneton,1,electric,steel,magnet-pull,sturdy,analytic,0,50,60,95,120,70,70,465
83,farfetchd,1,normal,flying,keen-eye,inner-focus,defiant,0,52,90,55,58,62,60,377
84,doduo,1,normal,flying,run-away,early-bird,tangled-feet,0,35,85,45,35,35,75,310
85,dodrio,1,normal,flying,run-away,early-bird,tangled-feet,0,60,110,70,60,60,110,470
86,seel,1,water,,thick-fat,hydration,ice-body,0,65,45,55,45,70,45,325
87,dewgong,1,water,ice,thick-fat,hydration,ice-body,0,90,70,80,70,95,70,475
88,grimer,1,poison,,stench,sticky-hold,poison-touch,0,80,80,50,40,50,25,325
89,muk,1,poison,,stench,sticky-hold,poison-touch,0,105,105,75,65,100,50,500
90,shellder,1,water,,shell-armor,skill-link,overcoat,0,30,65,100,45,25,40,305
91,cloyster,1,water,ice,shell-armor,skill-link,overcoat,0,50,95,180,85,45,70,525
92,gastly,1,ghost,poison,levitate,,,0,30,35,30,100,35,80,310
93,haunter,1,ghost,poison,levitate,,,0,45,50,45,115,55,95,405
94,gengar,1,ghost,poison,cursed-body,,,0,60,65,60,130,75,110,500
95,onix,1,rock,ground,rock-head,sturdy,weak-armor,0,35,45,160,30,45,70,385
96,drowzee,1,psychic,,insomnia,forewarn,inner-focus,0,60,48,45,43,90,42,328
97,hypno,1,psychic,,insomnia,forewarn,inner-focus,0,85,73,70,73,115,67,483
98,krabby,1,water,,hyper-cutter,shell-armor,sheer-force,0,30,105,90,25,25,50,325
99,kingler,1,water,,hyper-cutter,shell-armor,sheer-force,0,55,130,115,50,50,75,475
100,voltorb,1,electric,,soundproof,static,aftermath,0,40,30,50,55,55,100,330
101,electrode,1,electric,,soundproof,static,aftermath,0,60,50,70,80,80,150,490
102,exeggcute,1,grass,psychic,chlorophyll,,harvest,0,60,40,80,60,45,40,325
103,exeggutor,1,grass,psychic,chlorophyll,,harvest,0,95,95,85,125,75,55,530
104,cubone,1,ground,,rock-head,lightning-rod,battle-armor,0,50,50,95,40,50,35,320
105,marowak,1,ground,,rock-head,lightning-rod,battle-armor,0,60,80,110,50,80,45,425
106,hitmonlee,1,fighting,,limber,reckless,unburden,0,50,120,53,35,110,87,455
107,hitmonchan,1,fighting,,keen-eye,iron-fist,inner-focus,0,50,105,79,35,110,76,455
108,lickitung,1,normal,,own-tempo,oblivious,cloud-nine,0,90,55,75,60,75,30,385
109,koffing,1,poison,,levitate,neutralizing-gas,stench,0,40,65,95,60,45,35,340
110,weezing,1,poison,,levitate,neutralizing-gas,stench,0,65,90,120,85,70,60,490
111,rhyhorn,1,ground,rock,lightning-rod,rock-head,reckless,0,80,85,95,30,30,25,345
112,rhydon,1,ground,rock,lightning-rod,rock-head,reckless,0,105,130,120,45,45,40,485
113,chansey,1,normal,,natural-cure,serene-grace,healer,0,250,5,5,35,105,50,450
114,tangela,1,grass,,chlorophyll,leaf-guard,regenerator,0,65,55,115,100,40,60,435
115,kangaskhan,1,normal,,early-bird,scrappy,inner-focus,0,105,95,80,40,80,90,490
116,horsea,1,water,,swift-swim,sniper,damp,0,30,40,70,70,25,60,295
117,seadra,1,water,,poison-point,sniper,damp,0,55,65,95,95,45,85,440
118,goldeen,1,water,,swift-swim,water-veil,lightning-rod,0,45,67,60,35,50,63,320
119,seaking,1,water,,swift-swim,water-veil,lightning-rod,0,80,92,65,65,80,68,450
120,staryu,1,water,,illuminate,natural-cure,analytic,0,30,45,55,70,55,85,340
121,starmie,1,water,psychic,illuminate,natural-cure,analytic,0,60,75,85,100,85,115,520
122,mr-mime,1,psychic,fairy,soundproof,filter,technician,0,40,45,65,100,120,90,460
123,scyther,1,bug,flying,swarm,technician,steadfast,0,70,110,80,55,80,105,500
124,jynx,1,ice,psychic,oblivious,forewarn,dry-skin,0,65,50,35,115,95,95,455
125,electabuzz,1,electric,,static,,vital-spirit,0,65,83,57,95,85,105,490
126,magmar,1,fire,,flame-body,,vital-spirit,0,65,95,57,100,85,93,495
127,pinsir,1,bug,,hyper-cutter,mold-breaker,moxie,0,65,125,100,55,70,85,500
128,tauros,1,normal,,intimidate,anger-point,sheer-force,0,75,100,95,40,70,110,490
129,magikarp,1,water,,swift-swim,,rattled,0,20,10,55,15,20,80,200
130,gyarados,1,water,flying,intimidate,,moxie,0,95,125,79,60,100,81,540
131,lapras,1,water,ice,water-absorb,shell-armor,hydration,0,130,85,80,85,95,60,535
132,ditto,1,normal,,limber,,imposter,0,48,48,48,48,48,48,288
133,eevee,1,normal,,run-away,adaptability,anticipation,0,55,55,50,45,65,55,325
134,vaporeon,1,water,,water-absorb,,hydration,0,130,65,60,110,95,65,525
135,jolteon,1,electric,,volt-absorb,,quick-feet,0,65,65,60,110,95,130,525
136,flareon,1,fire,,flash-fire,,guts,0,65,130,60,95,110,65,525
137,porygon,1,normal,,trace,download,analytic,0,65,60,70,85,75,40,395
138,omanyte,1,rock,water,swift-swim,shell-armor,weak-armor,0,35,40,100,90,55,35,355
139,omastar,1,rock,water,swift-swim,shell-armor,weak-armor,0,70,60,125,115,70,55,495
140,kabuto,1,rock,water,swift-swim,battle-armor,weak-armor,0,30,80,90,55,45,55,355
141,kabutops,1,rock,water,swift-swim,battle-armor,weak-armor,0,60,115,105,65,70,80,495
142,aerodactyl,1,rock,flying,rock-head,pressure,unnerve,0,80,105,65,60,75,130,515
143,snorlax,1,normal,,immunity,thick-fat,gluttony,0,160,110,65,65,110,30,540
144,articuno,1,ice,flying,pressure,,snow-cloak,1,90,85,100,95,125,85,580
145,zapdos,1,electric,flying,pressure,,static,1,90,90,85,125,90,100,580
146,moltres,1,fire,flying,pressure,,flame-body,1,90,100,90,125,85,90,580
147,dratini,1,dragon,,shed-skin,,marvel-scale,0,41,64,45,50,50,50,300
148,dragonair,1,dragon,,shed-skin,,marvel-scale,0,61,84,65,70,70,70,420
149,dragonite,1,dragon,flying,inner-focus,,multiscale,0,91,134,95,100,100,80,600
150,mewtwo,1,psychic,,pressure,,unnerve,1,106,110,90,154,90,130,680
151,mew,1,psychic,,synchronize,,,1,100,100,100,100,100,100,600
152,chikorita,2,grass,,overgrow,,leaf-guard,0,45,49,65,49,65,45,318
153,bayleef,2,grass,,overgrow,,leaf-guard,0,60,62,80,63,80,60,405
154,meganium,2,grass,,overgrow,,leaf-guard,0,80,82,100,83,100,80,525
155,cyndaquil,2,fire,,blaze,,flash-fire,0,39,52,43,60,50,65,309
156,quilava,2,fire,,blaze,,flash-fire,0,58,64,58,80,65,80,405
157,typhlosion,2,fire,,blaze,,flash-fire,0,78,84,78,109,85,100,534
158,totodile,2,water,,torrent,,sheer-force,0,50,65,64,44,48,43,314
159,croconaw,2,water,,torrent,,sheer-force,0,65,80,80,59,63,58,405
160,feraligatr,2,water,,torrent,,sheer-force,0,85,105,100,79,83,78,530
161,sentret,2,normal,,run-away,keen-eye,frisk,0,35,46,34,35,45,20,215
162,furret,2,normal,,run-away,keen-eye,frisk,0,85,76,64,45,55,90,415
163,hoothoot,2,normal,flying,insomnia,keen-eye,tinted-lens,0,60,30,30,36,56,50,262
164,noctowl,2,normal,flying,insomnia,keen-eye,tinted-lens,0,100,50,50,86,96,70,452
165,ledyba,2,bug,flying,swarm,early-bird,rattled,0,40,20,30,40,80,55,265
166,ledian,2,bug,flying,swarm,early-bird,iron-fist,0,55,35,50,55,110,85,390
167,spinarak,2,bug,poison,swarm,insomnia,sniper,0,40,60,40,40,40,30,250
168,ariados,2,bug,poison,swarm,insomnia,sniper,0,70,90,70,60,70,40,400
169,crobat,2,poison,flying,inner-focus,,infiltrator,0,85,90,80,70,80,130,535
170,chinchou,2,water,electric,volt-absorb,illuminate,water-absorb,0,75,38,38,56,56,67,330
171,lanturn,2,water,electric,volt-absorb,illuminate,water-absorb,0,125,58,58,76,76,67,460
172,pichu,2,electric,,static,,lightning-rod,0,20,40,15,35,35,60,205
173,cleffa,2,fairy,,cute-charm,magic-guard,friend-guard,0,50,25,28,45,55,15,218
174,igglybuff,2,normal,fairy,cute-charm,competitive,friend-guard,0,90,30,15,40,20,15,210
175,togepi,2,fairy,,hustle,serene-grace,super-luck,0,35,20,65,40,65,20,245
176,togetic,2,fairy,flying,hustle,serene-grace,super-luck,0,55,40,85,80,105,40,405
177,natu,2,psychic,flying,synchronize,early-bird,magic-bounce,0,40,50,45,70,45,70,320
178,xatu,2,psychic,flying,synchronize,early-bird,magic-bounce,0,65,75,70,95,70,95,470
179,mareep,2,electric,,static,,plus,0,55,40,40,65,45,35,280
180,flaaffy,2,electric,,static,,plus,0,70,55,55,80,60,45,365
181,ampharos,2,electric,,static,,plus,0,90,75,85,115,90,55,510
182,bellossom,2,grass,,chlorophyll,,healer,0,75,80,95,90,100,50,490
183,marill,2,water,fairy,thick-fat,huge-power,sap-sipper,0,70,20,50,20,50,40,250
184,azumarill,2,water,fairy,thick-fat,huge-power,sap-sipper,0,100,50,80,60,80,50,420
185,sudowoodo,2,rock,,sturdy,rock-head,rattled,0,70,100,115,30,65,30,410
186,politoed,2,water,,water-absorb,damp,drizzle,0,90,75,75,90,100,70,500
187,hoppip,2,grass,flying,chlorophyll,leaf-guard,infiltrator,0,35,35,40,35,55,50,250
188,skiploom,2,grass,flying,chlorophyll,leaf-guard,infiltrator,0,55,45,50,45,65,80,340
189,jumpluff,2,grass,flying,chlorophyll,leaf-guard,infiltrator,0,75,55,70,55,95,110,460
190,aipom,2,normal,,run-away,pickup,skill-link,0,55,70,55,40,55,85,360
191,sunkern,2,grass,,chlorophyll,solar-power,early-bird,0,30,30,30,30,30,30,180
192,sunflora,2,grass,,chlorophyll,solar-power,early-bird,0,75,75,55,105,85,30,425
193,yanma,2,bug,flying,speed-boost,compound-eyes,frisk,0,65,65,45,75,45,95,390
194,wooper,2,water,ground,damp,water-absorb,unaware,0,55,45,45,25,25,15,210
195,quagsire,2,water,ground,damp,water-absorb,unaware,0,95,85,85,65,65,35,430
196,espeon,2,psychic,,synchronize,,magic-bounce,0,65,65,60,130,95,110,525
197,umbreon,2,dark,,synchronize,,inner-focus,0,95,65,110,60,130,65,525
198,murkrow,2,dark,flying,insomnia,super-luck,prankster,0,60,85,42,85,42,91,405
199,slowking,2,water,psychic,oblivious,own-tempo,regenerator,0,95,75,80,100,110,30,490
200,misdreavus,2,ghost,,levitate,,,0,60,60,60,85,85,85,435
201,unown,2,psychic,,levitate,,,0,48,72,48,72,48,48,336
202,wobbuffet,2,psychic,,shadow-tag,,telepathy,0,190,33,58,33,58,33,405
203,girafarig,2,normal,psychic,inner-focus,early-bird,sap-sipper,0,70,80,65,90,65,85,455
204,pineco,2,bug,,sturdy,,overcoat,0,50,65,90,35,35,15,290
205,forretress,2,bug,steel,sturdy,,overcoat,0,75,90,140,60,60,40,465
206,dunsparce,2,normal,,serene-grace,run-away,rattled,0,100,70,70,65,65,45,415
207,gligar,2,ground,flying,hyper-cutter,sand-veil,immunity,0,65,75,105,35,65,85,430
208,steelix,2,steel,ground,rock-head,sturdy,sheer-force,0,75,85,200,55,65,30,510
209,snubbull,2,fairy,,intimidate,run-away,rattled,0,60,80,50,40,40,30,300
210,granbull,2,fairy,,intimidate,quick-feet,rattled,0,90,120,75,60,60,45,450
211,qwilfish,2,water,poison,poison-point,swift-swim,intimidate,0,65,95,85,55,55,85,440
212,scizor,2,bug,steel,swarm,technician,light-metal,0,70,130,100,55,80,65,500
213,shuckle,2,bug,rock,sturdy,gluttony,contrary,0,20,10,230,10,230,5,505
214,heracross,2,bug,fighting,swarm,guts,moxie,0,80,125,75,40,95,85,500
215,sneasel,2,dark,ice,inner-focus,keen-eye,pickpocket,0,55,95,55,35,75,115,430
216,teddiursa,2,normal,,pickup,quick-feet,honey-gather,0,60,80,50,50,50,40,330
217,ursaring,2,normal,,guts,quick-feet,unnerve,0,90,130,75,75,75,55,500
218,slugma,2,fire,,magma-armor,flame-body,weak-armor,0,40,40,40,70,40,20,250
219,magcargo,2,fire,rock,magma-armor,flame-body,weak-armor,0,60,50,120,90,80,30,430
220,swinub,2,ice,ground,oblivious,snow-cloak,thick-fat,0,50,50,40,30,30,50,250
221,piloswine,2,ice,ground,oblivious,snow-cloak,thick-fat,0,100,100,80,60,60,50,450
222,corsola,2,water,rock,hustle,natural-cure,regenerator,0,65,55,95,65,95,35,410
223,remoraid,2,water,,hustle,sniper,moody,0,35,65,35,65,35,65,300
224,octillery,2,water,,suction-cups,sniper,moody,0,75,105,75,105,75,45,480
225,delibird,2,ice,flying,vital-spirit,hustle,insomnia,0,45,55,45,65,45,75,330
226,mantine,2,water,flying,swift-swim,water-absorb,water-veil,0,85,40,70,80,140,70,485
227,skarmory,2,steel,flying,keen-eye,sturdy,weak-armor,0,65,80,140,40,70,70,465
228,houndour,2,dark,fire,early-bird,flash-fire,unnerve,0,45,60,30,80,50,65,330
229,houndoom,2,dark,fire,early-bird,flash-fire,unnerve,0,75,90,50,110,80,95,500
230,kingdra,2,water,dragon,swift-swim,sniper,damp,0,75,95,95,95,95,85,540
231,phanpy,2,ground,,pickup,,sand-veil,0,90,60,60,40,40,40,330
232,donphan,2,ground,,sturdy,,sand-veil,0,90,120,120,60,60,50,500
233,porygon2,2,normal,,trace,download,analytic,0,85,80,90,105,95,60,515
234,stantler,2,normal,,intimidate,frisk,sap-sipper,0,73,95,62,85,65,85,465
235,smeargle,2,normal,,own-tempo,technician,moody,0,55,20,35,20,45,75,250
236,tyrogue,2,fighting,,guts,steadfast,vital-spirit,0,35,35,35,35,35,35,210
237,hitmontop,2,fighting,,intimidate,technician,steadfast,0,50,95,95,35,110,70,455
238,smoochum,2,ice,psychic,oblivious,forewarn,hydration,0,45,30,15,85,65,65,305
239,elekid,2,electric,,static,,vital-spirit,0,45,63,37,65,55,95,360
240,magby,2,fire,,flame-body,,vital-spirit,0,45,75,37,70,55,83,365
241,miltank,2,normal,,thick-fat,scrappy,sap-sipper,0,95,80,105,40,70,100,490
242,blissey,2,normal,,natural-cure,serene-grace,healer,0,255,10,10,75,135,55,540
243,raikou,2,electric,,pressure,,inner-focus,1,90,85,75,115,100,115,580
244,entei,2,fire,,pressure,,inner-focus,1,115,115,85,90,75,100,580
245,suicune,2,water,,pressure,,inner-focus,1,100,75,115,90,115,85,580
246,larvitar,2,rock,ground,guts,,sand-veil,0,50,64,50,45,50,41,300
247,pupitar,2,rock,ground,shed-skin,,,0,70,84,70,65,70,51,410
248,tyranitar,2,rock,dark,sand-stream,,unnerve,0,100,134,110,95,100,61,600
249,lugia,2,psychic,flying,pressure,,multiscale,1,106,90,130,90,154,110,680
250,ho-oh,2,fire,flying,pressure,,regenerator,1,106,130,90,110,154,90,680
251,celebi,2,psychic,grass,natural-cure,,,1,100,100,100,100,100,100,600
252,treecko,3,grass,,overgrow,,unburden,0,40,45,35,65,55,70,310
253,grovyle,3,grass,,overgrow,,unburden,0,50,65,45,85,65,95,405
254,sceptile,3,grass,,overgrow,,unburden,0,70,85,65,105,85,120,530
255,torchic,3,fire,,blaze,,speed-boost,0,45,60,40,70,50,45,310
256,combusken,3,fire,fighting,blaze,,speed-boost,0,60,85,60,85,60,55,405
257,blaziken,3,fire,fighting,blaze,,speed-boost,0,80,120,70,110,70,80,530
258,mudkip,3,water,,torrent,,damp,0,50,70,50,50,50,40,310
259,marshtomp,3,water,ground,torrent,,damp,0,70,85,70,60,70,50,405
260,swampert,3,water,ground,torrent,,damp,0,100,110,90,85,90,60,535
261,poochyena,3,dark,,run-away,quick-feet,rattled,0,35,55,35,30,30,35,220
262,mightyena,3,dark,,intimidate,quick-feet,moxie,0,70,90,70,60,60,70,420
263,zigzagoon,3,normal,,pickup,gluttony,quick-feet,0,38,30,41,30,41,60,240
264,linoone,3,normal,,pickup,gluttony,quick-feet,0,78,70,61,50,61,100,420
265,wurmple,3,bug,,shield-dust,,run-away,0,45,45,35,20,30,20,195
266,silcoon,3,bug,,shed-skin,,,0,50,35,55,25,25,15,205
267,beautifly,3,bug,flying,swarm,,rivalry,0,60,70,50,100,50,65,395
268,cascoon,3,bug,,shed-skin,,,0,50,35,55,25,25,15,205
269,dustox,3,bug,poison,shield-dust,,compound-eyes,0,60,50,70,50,90,65,385
270,lotad,3,water,grass,swift-swim,rain-dish,own-tempo,0,40,30,30,40,50,30,220
271,lombre,3,water,grass,swift-swim,rain-dish,own-tempo,0,60,50,50,60,70,50,340
272,ludicolo,3,water,grass,swift-swim,rain-dish,own-tempo,0,80,70,70,90,100,70,480
273,seedot,3,grass,,chlorophyll,early-bird,pickpocket,0,40,40,50,30,30,30,220
274,nuzleaf,3,grass,dark,chlorophyll,early-bird,pickpocket,0,70,70,40,60,40,60,340
275,shiftry,3,grass,dark,chlorophyll,wind-rider,pickpocket,0,90,100,60,90,60,80,480
276,taillow,3,normal,flying,guts,,scrappy,0,40,55,30,30,30,85,270
277,swellow,3,normal,flying,guts,,scrappy,0,60,85,60,75,50,125,455
278,wingull,3,water,flying,keen-eye,hydration,rain-dish,0,40,30,30,55,30,85,270
279,pelipper,3,water,flying,keen-eye,drizzle,rain-dish,0,60,50,100,95,70,65,440
280,ralts,3,psychic,fairy,synchronize,trace,telepathy,0,28,25,25,45,35,40,198
281,kirlia,3,psychic,fairy,synchronize,trace,telepathy,0,38,35,35,65,55,50,278
282,gardevoir,3,psychic,fairy,synchronize,trace,telepathy,0,68,65,65,125,115,80,518
283,surskit,3,bug,water,swift-swim,,rain-dish,0,40,30,32,50,52,65,269
284,masquerain,3,bug,flying,intimidate,,unnerve,0,70,60,62,100,82,80,454
285,shroomish,3,grass,,effect-spore,poison-heal,quick-feet,0,60,40,60,40,60,35,295
286,breloom,3,grass,fighting,effect-spore,poison-heal,technician,0,60,130,80,60,60,70,460
287,slakoth,3,normal,,truant,,,0,60,60,60,35,35,30,280
288,vigoroth,3,normal,,vital-spirit,,,0,80,80,80,55,55,90,440
289,slaking,3,normal,,truant,,,0,150,160,100,95,65,100,670
290,nincada,3,bug,ground,compound-eyes,,run-away,0,31,45,90,30,30,40,266
291,ninjask,3,bug,flying,speed-boost,,infiltrator,0,61,90,45,50,50,160,456
292,shedinja,3,bug,ghost,wonder-guard,,,0,1,90,45,30,30,40,236
293,whismur,3,normal,,soundproof,,rattled,0,64,51,23,51,23,28,240
294,loudred,3,normal,,soundproof,,scrappy,0,84,71,43,71,43,48,360
295,exploud,3,normal,,soundproof,,scrappy,0,104,91,63,91,73,68,490
296,makuhita,3,fighting,,thick-fat,guts,sheer-force,0,72,60,30,20,30,25,237
297,hariyama,3,fighting,,thick-fat,guts,sheer-force,0,144,120,60,40,60,50,474
298,azurill,3,normal,fairy,thick-fat,huge-power,sap-sipper,0,50,20,40,20,40,20,190
299,nosepass,3,rock,,sturdy,magnet-pull,sand-force,0,30,45,135,45,90,30,375
300,skitty,3,normal,,cute-charm,normalize,wonder-skin,0,50,45,45,35,35,50,260
301,delcatty,3,normal,,cute-charm,normalize,wonder-skin,0,70,65,65,55,55,90,400
302,sableye,3,dark,ghost,keen-eye,stall,prankster,0,50,75,75,65,65,50,380
303,mawile,3,steel,fairy,hyper-cutter,intimidate,sheer-force,0,50,85,85,55,55,50,380
304,aron,3,steel,rock,sturdy,rock-head,heavy-metal,0,50,70,100,40,40,30,330
305,lairon,3,steel,rock,sturdy,rock-head,heavy-metal,0,60,90,140,50,50,40,430
306,aggron,3,steel,rock,sturdy,rock-head,heavy-metal,0,70,110,180,60,60,50,530
307,meditite,3,fighting,psychic,pure-power,,telepathy,0,30,40,55,40,55,60,280
308,medicham,3,fighting,psychic,pure-power,,telepathy,0,60,60,75,60,75,80,410
309,electrike,3,electric,,static,lightning-rod,minus,0,40,45,40,65,40,65,295
310,manectric,3,electric,,static,lightning-rod,minus,0,70,75,60,105,60,105,475
311,plusle,3,electric,,plus,,lightning-rod,0,60,50,40,85,75,95,405
312,minun,3,electric,,minus,,volt-absorb,0,60,40,50,75,85,95,405
313,volbeat,3,bug,,illuminate,swarm,prankster,0,65,73,75,47,85,85,430
314,illumise,3,bug,,oblivious,tinted-lens,prankster,0,65,47,75,73,85,85,430
315,roselia,3,grass,poison,natural-cure,poison-point,leaf-guard,0,50,60,45,100,80,65,400
316,gulpin,3,poison,,liquid-ooze,sticky-hold,gluttony,0,70,43,53,43,53,40,302
317,swalot,3,poison,,liquid-ooze,sticky-hold,gluttony,0,100,73,83,73,83,55,467
318,carvanha,3,water,dark,rough-skin,,speed-boost,0,45,90,20,65,20,65,305
319,sharpedo,3,water,dark,rough-skin,,speed-boost,0,70,120,40,95,40,95,460
320,wailmer,3,water,,water-veil,oblivious,pressure,0,130,70,35,70,35,60,400
321,wailord,3,water,,water-veil,oblivious,pressure,0,170,90,45,90,45,60,500
322,numel,3,fire,ground,oblivious,simple,own-tempo,0,60,60,40,65,45,35,305
323,camerupt,3,fire,ground,magma-armor,solid-rock,anger-point,0,70,100,70,105,75,40,460
324,torkoal,3,fire,,white-smoke,drought,shell-armor,0,70,85,140,85,70,20,470
325,spoink,3,psychic,,thick-fat,own-tempo,gluttony,0,60,25,35,70,80,60,330
326,grumpig,3,psychic,,thick-fat,own-tempo,gluttony,0,80,45,65,90,110,80,470
327,spinda,3,normal,,own-tempo,tangled-feet,contrary,0,60,60,60,60,60,60,360
328,trapinch,3,ground,,hyper-cutter,arena-trap,sheer-force,0,45,100,45,45,45,10,290
329,vibrava,3,ground,dragon,levitate,,,0,50,70,50,50,50,70,340
330,flygon,3,ground,dragon,levitate,,,0,80,100,80,80,80,100,520
331,cacnea,3,grass,,sand-veil,,water-absorb,0,50,85,40,85,40,35,335
332,cacturne,3,grass,dark,sand-veil,,water-absorb,0,70,115,60,115,60,55,475
333,swablu,3,normal,flying,natural-cure,,cloud-nine,0,45,40,60,40,75,50,310
334,altaria,3,dragon,flying,natural-cure,,cloud-nine,0,75,70,90,70,105,80,490
335,zangoose,3,normal,,immunity,,toxic-boost,0,73,115,60,60,60,90,458
336,seviper,3,poison,,shed-skin,,infiltrator,0,73,100,60,100,60,65,458
337,lunatone,3,rock,psychic,levitate,,,0,90,55,65,95,85,70,460
338,solrock,3,rock,psychic,levitate,,,0,90,95,85,55,65,70,460
339,barboach,3,water,ground,oblivious,anticipation,hydration,0,50,48,43,46,41,60,288
340,whiscash,3,water,ground,oblivious,anticipation,hydration,0,110,78,73,76,71,60,468
341,corphish,3,water,,hyper-cutter,shell-armor,adaptability,0,43,80,65,50,35,35,308
342,crawdaunt,3,water,dark,hyper-cutter,shell-armor,adaptability,0,63,120,85,90,55,55,468
343,baltoy,3,ground,psychic,levitate,,,0,40,40,55,40,70,55,300
344,claydol,3,ground,psychic,levitate,,,0,60,70,105,70,120,75,500
345,lileep,3,rock,grass,suction-cups,,storm-drain,0,66,41,77,61,87,23,355
346,cradily,3,rock,grass,suction-cups,,storm-drain,0,86,81,97,81,107,43,495
347,anorith,3,rock,bug,battle-armor,,swift-swim,0,45,95,50,40,50,75,355
348,armaldo,3,rock,bug,battle-armor,,swift-swim,0,75,125,100,70,80,45,495
349,feebas,3,water,,swift-swim,oblivious,adaptability,0,20,15,20,10,55,80,200
350,milotic,3,water,,marvel-scale,competitive,cute-charm,0,95,60,79,100,125,81,540
351,castform,3,normal,,forecast,,,0,70,70,70,70,70,70,420
352,kecleon,3,normal,,color-change,,protean,0,60,90,70,60,120,40,440
353,shuppet,3,ghost,,insomnia,frisk,cursed-body,0,44,75,35,63,33,45,295
354,banette,3,ghost,,insomnia,frisk,cursed-body,0,64,115,65,83,63,65,455
355,duskull,3,ghost,,levitate,,frisk,0,20,40,90,30,90,25,295
356,dusclops,3,ghost,,pressure,,frisk,0,40,70,130,60,130,25,455
357,tropius,3,grass,flying,chlorophyll,solar-power,harvest,0,99,68,83,72,87,51,460
358,chimecho,3,psychic,,levitate,,,0,75,50,80,95,90,65,455
359,absol,3,dark,,pressure,super-luck,justified,0,65,130,60,75,60,75,465
360,wynaut,3,psychic,,shadow-tag,,telepathy,0,95,23,48,23,48,23,260
361,snorunt,3,ice,,inner-focus,ice-body,moody,0,50,50,50,50,50,50,300
362,glalie,3,ice,,inner-focus,ice-body,moody,0,80,80,80,80,80,80,480
363,spheal,3,ice,water,thick-fat,ice-body,oblivious,0,70,40,50,55,50,25,290
364,sealeo,3,ice,water,thick-fat,ice-body,oblivious,0,90,60,70,75,70,45,410
365,walrein,3,ice,water,thick-fat,ice-body,oblivious,0,110,80,90,95,90,65,530
366,clamperl,3,water,,shell-armor,,rattled,0,35,64,85,74,55,32,345
367,huntail,3,water,,swift-swim,,water-veil,0,55,104,105,94,75,52,485
368,gorebyss,3,water,,swift-swim,,hydration,0,55,84,105,114,75,52,485
369,relicanth,3,water,rock,swift-swim,rock-head,sturdy,0,100,90,130,45,65,55,485
370,luvdisc,3,water,,swift-swim,,hydration,0,43,30,55,40,65,97,330
371,bagon,3,dragon,,rock-head,,sheer-force,0,45,75,60,40,30,50,300
372,shelgon,3,dragon,,rock-head,,overcoat,0,65,95,100,60,50,50,420
373,salamence,3,dragon,flying,intimidate,,moxie,0,95,135,80,110,80,100,600
374,beldum,3,steel,psychic,clear-body,,light-metal,0,40,55,80,35,60,30,300
375,metang,3,steel,psychic,clear-body,,light-metal,0,60,75,100,55,80,50,420
376,metagross,3,steel,psychic,clear-body,,light-metal,0,80,135,130,95,90,70,600
377,regirock,3,rock,,clear-body,,sturdy,1,80,100,200,50,100,50,580
378,regice,3,ice,,clear-body,,ice-body,1,80,50,100,100,200,50,580
379,registeel,3,steel,,clear-body,,light-metal,1,80,75,150,75,150,50,580
380,latias,3,dragon,psychic,levitate,,,1,80,80,90,110,130,110,600
381,latios,3,dragon,psychic,levitate,,,1,80,90,80,130,110,110,600
382,kyogre,3,water,,drizzle,,,1,100,100,90,150,140,90,670
383,groudon,3,ground,,drought,,,1,100,150,140,100,90,90,670
384,rayquaza,3,dragon,flying,air-lock,,,1,105,150,90,150,90,95,680
385,jirachi,3,steel,psychic,serene-grace,,,1,100,100,100,100,100,100,600
386,deoxys-normal,3,psychic,,pressure,,,1,50,150,50,150,50,150,600
387,turtwig,4,grass,,overgrow,,shell-armor,0,55,68,64,45,55,31,318
388,grotle,4,grass,,overgrow,,shell-armor,0,75,89,85,55,65,36,405
389,torterra,4,grass,ground,overgrow,,shell-armor,0,95,109,105,75,85,56,525
390,chimchar,4,fire,,blaze,,iron-fist,0,44,58,44,58,44,61,309
391,monferno,4,fire,fighting,blaze,,iron-fist,0,64,78,52,78,52,81,405
392,infernape,4,fire,fighting,blaze,,iron-fist,0,76,104,71,104,71,108,534
393,piplup,4,water,,torrent,,competitive,0,53,51,53,61,56,40,314
394,prinplup,4,water,,torrent,,competitive,0,64,66,68,81,76,50,405
395,empoleon,4,water,steel,torrent,,competitive,0,84,86,88,111,101,60,530
396,starly,4,normal,flying,keen-eye,,reckless,0,40,55,30,30,30,60,245
397,staravia,4,normal,flying,intimidate,,reckless,0,55,75,50,40,40,80,340
398,staraptor,4,normal,flying,intimidate,,reckless,0,85,120,70,50,60,100,485
399,bidoof,4,normal,,simple,unaware,moody,0,59,45,40,35,40,31,250
400,bibarel,4,normal,water,simple,unaware,moody,0,79,85,60,55,60,71,410
401,kricketot,4,bug,,shed-skin,,run-away,0,37,25,41,25,41,25,194
402,kricketune,4,bug,,swarm,,technician,0,77,85,51,55,51,65,384
403,shinx,4,electric,,rivalry,intimidate,guts,0,45,65,34,40,34,45,263
404,luxio,4,electric,,rivalry,intimidate,guts,0,60,85,49,60,49,60,363
405,luxray,4,electric,,rivalry,intimidate,guts,0,80,120,79,95,79,70,523
406,budew,4,grass,poison,natural-cure,poison-point,leaf-guard,0,40,30,35,50,70,55,280
407,roserade,4,grass,poison,natural-cure,poison-point,technician,0,60,70,65,125,105,90,515
408,cranidos,4,rock,,mold-breaker,,sheer-force,0,67,125,40,30,30,58,350
409,rampardos,4,rock,,mold-breaker,,sheer-force,0,97,165,60,65,50,58,495
410,shieldon,4,rock,steel,sturdy,,soundproof,0,30,42,118,42,88,30,350
411,bastiodon,4,rock,steel,sturdy,,soundproof,0,60,52,168,47,138,30,495
412,burmy,4,bug,,shed-skin,,overcoat,0,40,29,45,29,45,36,224
413,wormadam-plant,4,bug,grass,anticipation,,overcoat,0,60,59,85,79,105,36,424
414,mothim,4,bug,flying,swarm,,tinted-lens,0,70,94,50,94,50,66,424
415,combee,4,bug,flying,honey-gather,,hustle,0,30,30,42,30,42,70,244
416,vespiquen,4,bug,flying,pressure,,unnerve,0,70,80,102,80,102,40,474
417,pachirisu,4,electric,,run-away,pickup,volt-absorb,0,60,45,70,45,90,95,405
418,buizel,4,water,,swift-swim,,water-veil,0,55,65,35,60,30,85,330
419,floatzel,4,water,,swift-swim,,water-veil,0,85,105,55,85,50,115,495
420,cherubi,4,grass,,chlorophyll,,,0,45,35,45,62,53,35,275
421,cherrim,4,grass,,flower-gift,,,0,70,60,70,87,78,85,450
422,shellos,4,water,,sticky-hold,storm-drain,sand-force,0,76,48,48,57,62,34,325
423,gastrodon,4,water,ground,sticky-hold,storm-drain,sand-force,0,111,83,68,92,82,39,475
424,ambipom,4,normal,,technician,pickup,skill-link,0,75,100,66,60,66,115,482
425,drifloon,4,ghost,flying,aftermath,unburden,flare-boost,0,90,50,34,60,44,70,348
426,drifblim,4,ghost,flying,aftermath,unburden,flare-boost,0,150,80,44,90,54,80,498
427,buneary,4,normal,,run-away,klutz,limber,0,55,66,44,44,56,85,350
428,lopunny,4,normal,,cute-charm,klutz,limber,0,65,76,84,54,96,105,480
429,mismagius,4,ghost,,levitate,,,0,60,60,60,105,105,105,495
430,honchkrow,4,dark,flying,insomnia,super-luck,moxie,0,100,125,52,105,52,71,505
431,glameow,4,normal,,limber,own-tempo,keen-eye,0,49,55,42,42,37,85,310
432,purugly,4,normal,,thick-fat,own-tempo,defiant,0,71,82,64,64,59,112,452
433,chingling,4,psychic,,levitate,,,0,45,30,50,65,50,45,285
434,stunky,4,poison,dark,stench,aftermath,keen-eye,0,63,63,47,41,41,74,329
435,skuntank,4,poison,dark,stench,aftermath,keen-eye,0,103,93,67,71,61,84,479
436,bronzor,4,steel,psychic,levitate,heatproof,heavy-metal,0,57,24,86,24,86,23,300
437,bronzong,4,steel,psychic,levitate,heatproof,heavy-metal,0,67,89,116,79,116,33,500
438,bonsly,4,rock,,sturdy,rock-head,rattled,0,50,80,95,10,45,10,290
439,mime-jr,4,psychic,fairy,soundproof,filter,technician,0,20,25,45,70,90,60,310
440,happiny,4,normal,,natural-cure,serene-grace,friend-guard,0,100,5,5,15,65,30,220
441,chatot,4,normal,flying,keen-eye,tangled-feet,big-pecks,0,76,65,45,92,42,91,411
442,spiritomb,4,ghost,dark,pressure,,infiltrator,0,50,92,108,92,108,35,485
443,gible,4,dragon,ground,sand-veil,,rough-skin,0,58,70,45,40,45,42,300
444,gabite,4,dragon,ground,sand-veil,,rough-skin,0,68,90,65,50,55,82,410
445,garchomp,4,dragon,ground,sand-veil,,rough-skin,0,108,130,95,80,85,102,600
446,munchlax,4,normal,,pickup,thick-fat,gluttony,0,135,85,40,40,85,5,390
447,riolu,4,fighting,,steadfast,inner-focus,prankster,0,40,70,40,35,40,60,285
448,lucario,4,fighting,steel,steadfast,inner-focus,justified,0,70,110,70,115,70,90,525
449,hippopotas,4,ground,,sand-stream,,sand-force,0,68,72,78,38,42,32,330
450,hippowdon,4,ground,,sand-stream,,sand-force,0,108,112,118,68,72,47,525
451,skorupi,4,poison,bug,battle-armor,sniper,keen-eye,0,40,50,90,30,55,65,330
452,drapion,4,poison,dark,battle-armor,sniper,keen-eye,0,70,90,110,60,75,95,500
453,croagunk,4,poison,fighting,anticipation,dry-skin,poison-touch,0,48,61,40,61,40,50,300
454,toxicroak,4,poison,fighting,anticipation,dry-skin,poison-touch,0,83,106,65,86,65,85,490
455,carnivine,4,grass,,levitate,,,0,74,100,72,90,72,46,454
456,finneon,4,water,,swift-swim,storm-drain,water-veil,0,49,49,56,49,61,66,330
457,lumineon,4,water,,swift-swim,storm-drain,water-veil,0,69,69,76,69,86,91,460
458,mantyke,4,water,flying,swift-swim,water-absorb,water-veil,0,45,20,50,60,120,50,345
459,snover,4,grass,ice,snow-warning,,soundproof,0,60,62,50,62,60,40,334
460,abomasnow,4,grass,ice,snow-warning,,soundproof,0,90,92,75,92,85,60,494
461,weavile,4,dark,ice,pressure,,pickpocket,0,70,120,65,45,85,125,510
462,magnezone,4,electric,steel,magnet-pull,sturdy,analytic,0,70,70,115,130,90,60,535
463,lickilicky,4,normal,,own-tempo,oblivious,cloud-nine,0,110,85,95,80,95,50,515
464,rhyperior,4,ground,rock,lightning-rod,solid-rock,reckless,0,115,140,130,55,55,40,535
465,tangrowth,4,grass,,chlorophyll,leaf-guard,regenerator,0,100,100,125,110,50,50,535
466,electivire,4,electric,,motor-drive,,vital-spirit,0,75,123,67,95,85,95,540
467,magmortar,4,fire,,flame-body,,vital-spirit,0,75,95,67,125,95,83,540
468,togekiss,4,fairy,flying,hustle,serene-grace,super-luck,0,85,50,95,120,115,80,545
469,yanmega,4,bug,flying,speed-boost,tinted-lens,frisk,0,86,76,86,116,56,95,515
470,leafeon,4,grass,,leaf-guard,,chlorophyll,0,65,110,130,60,65,95,525
471,glaceon,4,ice,,snow-cloak,,ice-body,0,65,60,110,130,95,65,525
472,gliscor,4,ground,flying,hyper-cutter,sand-veil,poison-heal,0,75,95,125,45,75,95,510
473,mamoswine,4,ice,ground,oblivious,snow-cloak,thick-fat,0,110,130,80,70,60,80,530
474,porygon-z,4,normal,,adaptability,download,analytic,0,85,80,70,135,75,90,535
475,gallade,4,psychic,fighting,steadfast,sharpness,justified,0,68,125,65,65,115,80,518
476,probopass,4,rock,steel,sturdy,magnet-pull,sand-force,0,60,55,145,75,150,40,525
477,dusknoir,4,ghost,,pressure,,frisk,0,45,100,135,65,135,45,525
478,froslass,4,ice,ghost,snow-cloak,,cursed-body,0,70,80,70,80,70,110,480
479,rotom,4,electric,ghost,levitate,,,0,50,50,77,95,77,91,440
480,uxie,4,psychic,,levitate,,,1,75,75,130,75,130,95,580
481,mesprit,4,psychic,,levitate,,,1,80,105,105,105,105,80,580
482,azelf,4,psychic,,levitate,,,1,75,125,70,125,70,115,580
483,dialga,4,steel,dragon,pressure,,telepathy,1,100,120,120,150,100,90,680
484,palkia,4,water,dragon,pressure,,telepathy,1,90,120,100,150,120,100,680
485,heatran,4,fire,steel,flash-fire,,flame-body,1,91,90,106,130,106,77,600
486,regigigas,4,normal,,slow-start,,,1,110,160,110,80,110,100,670
487,giratina-altered,4,ghost,dragon,pressure,,telepathy,1,150,100,120,100,120,90,680
488,cresselia,4,psychic,,levitate,,,1,120,70,110,75,120,85,580
489,phione,4,water,,hydration,,,1,80,80,80,80,80,80,480
490,manaphy,4,water,,hydration,,,1,100,100,100,100,100,100,600
491,darkrai,4,dark,,bad-dreams,,,1,70,90,90,135,90,125,600
492,shaymin-land,4,grass,,natural-cure,,,1,100,100,100,100,100,100,600
493,arceus,4,normal,,multitype,,,1,120,120,120,120,120,120,720
494,victini,5,psychic,fire,victory-star,,,1,100,100,100,100,100,100,600
495,snivy,5,grass,,overgrow,,contrary,0,45,45,55,45,55,63,308
496,servine,5,grass,,overgrow,,contrary,0,60,60,75,60,75,83,413
497,serperior,5,grass,,overgrow,,contrary,0,75,75,95,75,95,113,528
498,tepig,5,fire,,blaze,,thick-fat,0,65,63,45,45,45,45,308
499,pignite,5,fire,fighting,blaze,,thick-fat,0,90,93,55,70,55,55,418
500,emboar,5,fire,fighting,blaze,,reckless,0,110,123,65,100,65,65,528
501,oshawott,5,water,,torrent,,shell-armor,0,55,55,45,63,45,45,308
502,dewott,5,water,,torrent,,shell-armor,0,75,75,60,83,60,60,413
503,samurott,5,water,,torrent,,shell-armor,0,95,100,85,108,70,70,528
504,patrat,5,normal,,run-away,keen-eye,analytic,0,45,55,39,35,39,42,255
505,watchog,5,normal,,illuminate,keen-eye,analytic,0,60,85,69,60,69,77,420
506,lillipup,5,normal,,vital-spirit,pickup,run-away,0,45,60,45,25,45,55,275
507,herdier,5,normal,,intimidate,sand-rush,scrappy,0,65,80,65,35,65,60,370
508,stoutland,5,normal,,intimidate,sand-rush,scrappy,0,85,110,90,45,90,80,500
509,purrloin,5,dark,,limber,unburden,prankster,0,41,50,37,50,37,66,281
510,liepard,5,dark,,limber,unburden,prankster,0,64,88,50,88,50,106,446
511,pansage,5,grass,,gluttony,,overgrow,0,50,53,48,53,48,64,316
512,simisage,5,grass,,gluttony,,overgrow,0,75,98,63,98,63,101,498
513,pansear,5,fire,,gluttony,,blaze,0,50,53,48,53,48,64,316
514,simisear,5,fire,,gluttony,,blaze,0,75,98,63,98,63,101,498
515,panpour,5,water,,gluttony,,torrent,0,50,53,48,53,48,64,316
516,simipour,5,water,,gluttony,,torrent,0,75,98,63,98,63,101,498
517,munna,5,psychic,,forewarn,synchronize,telepathy,0,76,25,45,67,55,24,292
518,musharna,5,psychic,,forewarn,synchronize,telepathy,0,116,55,85,107,95,29,487
519,pidove,5,normal,flying,big-pecks,super-luck,rivalry,0,50,55,50,36,30,43,264
520,tranquill,5,normal,flying,big-pecks,super-luck,rivalry,0,62,77,62,50,42,65,358
521,unfezant,5,normal,flying,big-pecks,super-luck,rivalry,0,80,115,80,65,55,93,488
522,blitzle,5,electric,,lightning-rod,motor-drive,sap-sipper,0,45,60,32,50,32,76,295
523,zebstrika,5,electric,,lightning-rod,motor-drive,sap-sipper,0,75,100,63,80,63,116,497
524,roggenrola,5,rock,,sturdy,weak-armor,sand-force,0,55,75,85,25,25,15,280
525,boldore,5,rock,,sturdy,weak-armor,sand-force,0,70,105,105,50,40,20,390
526,gigalith,5,rock,,sturdy,sand-stream,sand-force,0,85,135,130,60,80,25,515
527,woobat,5,psychic,flying,unaware,klutz,simple,0,65,45,43,55,43,72,323
528,swoobat,5,psychic,flying,unaware,klutz,simple,0,67,57,55,77,55,114,425
529,drilbur,5,ground,,sand-rush,sand-force,mold-breaker,0,60,85,40,30,45,68,328
530,excadrill,5,ground,steel,sand-rush,sand-force,mold-breaker,0,110,135,60,50,65,88,508
531,audino,5,normal,,healer,regenerator,klutz,0,103,60,86,60,86,50,445
532,timburr,5,fighting,,guts,sheer-force,iron-fist,0,75,80,55,25,35,35,305
533,gurdurr,5,fighting,,guts,sheer-force,iron-fist,0,85,105,85,40,50,40,405
534,conkeldurr,5,fighting,,guts,sheer-force,iron-fist,0,105,140,95,55,65,45,505
535,tympole,5,water,,swift-swim,hydration,water-absorb,0,50,50,40,50,40,64,294
536,palpitoad,5,water,ground,swift-swim,hydration,water-absorb,0,75,65,55,65,55,69,384
537,seismitoad,5,water,ground,swift-swim,poison-touch,water-absorb,0,105,95,75,85,75,74,509
538,throh,5,fighting,,guts,inner-focus,mold-breaker,0,120,100,85,30,85,45,465
539,sawk,5,fighting,,sturdy,inner-focus,mold-breaker,0,75,125,75,30,75,85,465
540,sewaddle,5,bug,grass,swarm,chlorophyll,overcoat,0,45,53,70,40,60,42,310
541,swadloon,5,bug,grass,leaf-guard,chlorophyll,overcoat,0,55,63,90,50,80,42,380
542,leavanny,5,bug,grass,swarm,chlorophyll,overcoat,0,75,103,80,70,80,92,500
543,venipede,5,bug,poison,poison-point,swarm,speed-boost,0,30,45,59,30,39,57,260
544,whirlipede,5,bug,poison,poison-point,swarm,speed-boost,0,40,55,99,40,79,47,360
545,scolipede,5,bug,poison,poison-point,swarm,speed-boost,0,60,100,89,55,69,112,485
546,cottonee,5,grass,fairy,prankster,infiltrator,chlorophyll,0,40,27,60,37,50,66,280
547,whimsicott,5,grass,fairy,prankster,infiltrator,chlorophyll,0,60,67,85,77,75,116,480
548,petilil,5,grass,,chlorophyll,own-tempo,leaf-guard,0,45,35,50,70,50,30,280
549,lilligant,5,grass,,chlorophyll,own-tempo,leaf-guard,0,70,60,75,110,75,90,480
550,basculin-red-striped,5,water,,reckless,adaptability,mold-breaker,0,70,92,65,80,55,98,460
551,sandile,5,ground,dark,intimidate,moxie,anger-point,0,50,72,35,35,35,65,292
552,krokorok,5,ground,dark,intimidate,moxie,anger-point,0,60,82,45,45,45,74,351
553,krookodile,5,ground,dark,intimidate,moxie,anger-point,0,95,117,80,65,70,92,519
554,darumaka,5,fire,,hustle,,inner-focus,0,70,90,45,15,45,50,315
555,darmanitan-standard,5,fire,,sheer-force,,zen-mode,0,105,140,55,30,55,95,480
556,maractus,5,grass,,water-absorb,chlorophyll,storm-drain,0,75,86,67,106,67,60,461
557,dwebble,5,bug,rock,sturdy,shell-armor,weak-armor,0,50,65,85,35,35,55,325
558,crustle,5,bug,rock,sturdy,shell-armor,weak-armor,0,70,105,125,65,75,45,485
559,scraggy,5,dark,fighting,shed-skin,moxie,intimidate,0,50,75,70,35,70,48,348
560,scrafty,5,dark,fighting,shed-skin,moxie,intimidate,0,65,90,115,45,115,58,488
561,sigilyph,5,psychic,flying,wonder-skin,magic-guard,tinted-lens,0,72,58,80,103,80,97,490
562,yamask,5,ghost,,mummy,,,0,38,30,85,55,65,30,303
563,cofagrigus,5,ghost,,mummy,,,0,58,50,145,95,105,30,483
564,tirtouga,5,water,rock,solid-rock,sturdy,swift-swim,0,54,78,103,53,45,22,355
565,carracosta,5,water,rock,solid-rock,sturdy,swift-swim,0,74,108,133,83,65,32,495
566,archen,5,rock,flying,defeatist,,,0,55,112,45,74,45,70,401
567,archeops,5,rock,flying,defeatist,,,0,75,140,65,112,65,110,567
568,trubbish,5,poison,,stench,sticky-hold,aftermath,0,50,50,62,40,62,65,329
569,garbodor,5,poison,,stench,weak-armor,aftermath,0,80,95,82,60,82,75,474
570,zorua,5,dark,,illusion,,,0,40,65,40,80,40,65,330
571,zoroark,5,dark,,illusion,,,0,60,105,60,120,60,105,510
572,minccino,5,normal,,cute-charm,technician,skill-link,0,55,50,40,40,40,75,300
573,cinccino,5,normal,,cute-charm,technician,skill-link,0,75,95,60,65,60,115,470
574,gothita,5,psychic,,frisk,competitive,shadow-tag,0,45,30,50,55,65,45,290
575,gothorita,5,psychic,,frisk,competitive,shadow-tag,0,60,45,70,75,85,55,390
576,gothitelle,5,psychic,,frisk,competitive,shadow-tag,0,70,55,95,95,110,65,490
577,solosis,5,psychic,,overcoat,magic-guard,regenerator,0,45,30,40,105,50,20,290
578,duosion,5,psychic,,overcoat,magic-guard,regenerator,0,65,40,50,125,60,30,370
579,reuniclus,5,psychic,,overcoat,magic-guard,regenerator,0,110,65,75,125,85,30,490
580,ducklett,5,water,flying,keen-eye,big-pecks,hydration,0,62,44,50,44,50,55,305
581,swanna,5,water,flying,keen-eye,big-pecks,hydration,0,75,87,63,87,63,98,473
582,vanillite,5,ice,,ice-body,snow-cloak,weak-armor,0,36,50,50,65,60,44,305
583,vanillish,5,ice,,ice-body,snow-cloak,weak-armor,0,51,65,65,80,75,59,395
584,vanilluxe,5,ice,,ice-body,snow-warning,weak-armor,0,71,95,85,110,95,79,535
585,deerling,5,normal,grass,chlorophyll,sap-sipper,serene-grace,0,60,60,50,40,50,75,335
586,sawsbuck,5,normal,grass,chlorophyll,sap-sipper,serene-grace,0,80,100,70,60,70,95,475
587,emolga,5,electric,flying,static,,motor-drive,0,55,75,60,75,60,103,428
588,karrablast,5,bug,,swarm,shed-skin,no-guard,0,50,75,45,40,45,60,315
589,escavalier,5,bug,steel,swarm,shell-armor,overcoat,0,70,135,105,60,105,20,495
590,foongus,5,grass,poison,effect-spore,,regenerator,0,69,55,45,55,55,15,294
591,amoonguss,5,grass,poison,effect-spore,,regenerator,0,114,85,70,85,80,30,464
592,frillish,5,water,ghost,water-absorb,cursed-body,damp,0,55,40,50,65,85,40,335
593,jellicent,5,water,ghost,water-absorb,cursed-body,damp,0,100,60,70,85,105,60,480
594,alomomola,5,water,,healer,hydration,regenerator,0,165,75,80,40,45,65,470
595,joltik,5,bug,electric,compound-eyes,unnerve,swarm,0,50,47,50,57,50,65,319
596,galvantula,5,bug,electric,compound-eyes,unnerve,swarm,0,70,77,60,97,60,108,472
597,ferroseed,5,grass,steel,iron-barbs,,,0,44,50,91,24,86,10,305
598,ferrothorn,5,grass,steel,iron-barbs,,anticipation,0,74,94,131,54,116,20,489
599,klink,5,steel,,plus,minus,clear-body,0,40,55,70,45,60,30,300
600,klang,5,steel,,plus,minus,clear-body,0,60,80,95,70,85,50,440
601,klinklang,5,steel,,plus,minus,clear-body,0,60,100,115,70,85,90,520
602,tynamo,5,electric,,levitate,,,0,35,55,40,45,40,60,275
603,eelektrik,5,electric,,levitate,,,0,65,85,70,75,70,40,405
604,eelektross,5,electric,,levitate,,,0,85,115,80,105,80,50,515
605,elgyem,5,psychic,,telepathy,synchronize,analytic,0,55,55,55,85,55,30,335
606,beheeyem,5,psychic,,telepathy,synchronize,analytic,0,75,75,75,125,95,40,485
607,litwick,5,ghost,fire,flash-fire,flame-body,infiltrator,0,50,30,55,65,55,20,275
608,lampent,5,ghost,fire,flash-fire,flame-body,infiltrator,0,60,40,60,95,60,55,370
609,chandelure,5,ghost,fire,flash-fire,flame-body,infiltrator,0,60,55,90,145,90,80,520
610,axew,5,dragon,,rivalry,mold-breaker,unnerve,0,46,87,60,30,40,57,320
611,fraxure,5,dragon,,rivalry,mold-breaker,unnerve,0,66,117,70,40,50,67,410
612,haxorus,5,dragon,,rivalry,mold-breaker,unnerve,0,76,147,90,60,70,97,540
613,cubchoo,5,ice,,snow-cloak,slush-rush,rattled,0,55,70,40,60,40,40,305
614,beartic,5,ice,,snow-cloak,slush-rush,swift-swim,0,95,130,80,70,80,50,505
615,cryogonal,5,ice,,levitate,,,0,80,50,50,95,135,105,515
616,shelmet,5,bug,,hydration,shell-armor,overcoat,0,50,40,85,40,65,25,305
617,accelgor,5,bug,,hydration,sticky-hold,unburden,0,80,70,40,100,60,145,495
618,stunfisk,5,ground,electric,static,limber,sand-veil,0,109,66,84,81,99,32,471
619,mienfoo,5,fighting,,inner-focus,regenerator,reckless,0,45,85,50,55,50,65,350
620,mienshao,5,fighting,,inner-focus,regenerator,reckless,0,65,125,60,95,60,105,510
621,druddigon,5,dragon,,rough-skin,sheer-force,mold-breaker,0,77,120,90,60,90,48,485
622,golett,5,ground,ghost,iron-fist,klutz,no-guard,0,59,74,50,35,50,35,303
623,golurk,5,ground,ghost,iron-fist,klutz,no-guard,0,89,124,80,55,80,55,483
624,pawniard,5,dark,steel,defiant,inner-focus,pressure,0,45,85,70,40,40,60,340
625,bisharp,5,dark,steel,defiant,inner-focus,pressure,0,65,125,100,60,70,70,490
626,bouffalant,5,normal,,reckless,sap-sipper,soundproof,0,95,110,95,40,95,55,490
627,rufflet,5,normal,flying,keen-eye,sheer-force,hustle,0,70,83,50,37,50,60,350
628,braviary,5,normal,flying,keen-eye,sheer-force,defiant,0,100,123,75,57,75,80,510
629,vullaby,5,dark,flying,big-pecks,overcoat,weak-armor,0,70,55,75,45,65,60,370
630,mandibuzz,5,dark,flying,big-pecks,overcoat,weak-armor,0,110,65,105,55,95,80,510
631,heatmor,5,fire,,gluttony,flash-fire,white-smoke,0,85,97,66,105,66,65,484
632,durant,5,bug,steel,swarm,hustle,truant,0,58,109,112,48,48,109,484
633,deino,5,dark,dragon,hustle,,,0,52,65,50,45,50,38,300
634,zweilous,5,dark,dragon,hustle,,,0,72,85,70,65,70,58,420
635,hydreigon,5,dark,dragon,levitate,,,0,92,105,90,125,90,98,600
636,larvesta,5,bug,fire,flame-body,,swarm,0,55,85,55,50,55,60,360
637,volcarona,5,bug,fire,flame-body,,swarm,0,85,60,65,135,105,100,550
638,cobalion,5,steel,fighting,justified,,,1,91,90,129,90,72,108,580
639,terrakion,5,rock,fighting,justified,,,1,91,129,90,72,90,108,580
640,virizion,5,grass,fighting,justified,,,1,91,90,72,90,129,108,580
641,tornadus-incarnate,5,flying,,prankster,,defiant,1,79,115,70,125,80,111,580
642,thundurus-incarnate,5,electric,flying,prankster,,defiant,1,79,115,70,125,80,111,580
643,reshiram,5,dragon,fire,turboblaze,,,1,100,120,100,150,120,90,680
644,zekrom,5,dragon,electric,teravolt,,,1,100,150,120,120,100,90,680
645,landorus-incarnate,5,ground,flying,sand-force,,sheer-force,1,89,125,90,115,80,101,600
646,kyurem,5,dragon,ice,pressure,,,1,125,130,90,130,90,95,660
647,keldeo-ordinary,5,water,fighting,justified,,,1,91,72,90,129,90,108,580
648,meloetta-aria,5,normal,psychic,serene-grace,,,1,100,77,77,128,128,90,600
649,genesect,5,bug,steel,download,,,1,71,120,95,120,95,99,600
650,chespin,6,grass,,overgrow,,bulletproof,0,56,61,65,48,45,38,313
651,quilladin,6,grass,,overgrow,,bulletproof,0,61,78,95,56,58,57,405
652,chesnaught,6,grass,fighting,overgrow,,bulletproof,0,88,107,122,74,75,64,530
653,fennekin,6,fire,,blaze,,magician,0,40,45,40,62,60,60,307
654,braixen,6,fire,,blaze,,magician,0,59,59,58,90,70,73,409
655,delphox,6,fire,psychic,blaze,,magician,0,75,69,72,114,100,104,534
656,froakie,6,water,,torrent,,protean,0,41,56,40,62,44,71,314
657,frogadier,6,water,,torrent,,protean,0,54,63,52,83,56,97,405
658,greninja,6,water,dark,torrent,,protean,0,72,95,67,103,71,122,530
659,bunnelby,6,normal,,pickup,cheek-pouch,huge-power,0,38,36,38,32,36,57,237
660,diggersby,6,normal,ground,pickup,cheek-pouch,huge-power,0,85,56,77,50,77,78,423
661,fletchling,6,normal,flying,big-pecks,,gale-wings,0,45,50,43,40,38,62,278
662,fletchinder,6,fire,flying,flame-body,,gale-wings,0,62,73,55,56,52,84,382
663,talonflame,6,fire,flying,flame-body,,gale-wings,0,78,81,71,74,69,126,499
664,scatterbug,6,bug,,shield-dust,compound-eyes,friend-guard,0,38,35,40,27,25,35,200
665,spewpa,6,bug,,shed-skin,,friend-guard,0,45,22,60,27,30,29,213
666,vivillon,6,bug,flying,shield-dust,compound-eyes,friend-guard,0,80,52,50,90,50,89,411
667,litleo,6,fire,normal,rivalry,unnerve,moxie,0,62,50,58,73,54,72,369
668,pyroar,6,fire,normal,rivalry,unnerve,moxie,0,86,68,72,109,66,106,507
669,flabebe,6,fairy,,flower-veil,,symbiosis,0,44,38,39,61,79,42,303
670,floette,6,fairy,,flower-veil,,symbiosis,0,54,45,47,75,98,52,371
671,florges,6,fairy,,flower-veil,,symbiosis,0,78,65,68,112,154,75,552
672,skiddo,6,grass,,sap-sipper,,grass-pelt,0,66,65,48,62,57,52,350
673,gogoat,6,grass,,sap-sipper,,grass-pelt,0,123,100,62,97,81,68,531
674,pancham,6,fighting,,iron-fist,mold-breaker,scrappy,0,67,82,62,46,48,43,348
675,pangoro,6,fighting,dark,iron-fist,mold-breaker,scrappy,0,95,124,78,69,71,58,495
676,furfrou,6,normal,,fur-coat,,,0,75,80,60,65,90,102,472
677,espurr,6,psychic,,keen-eye,infiltrator,own-tempo,0,62,48,54,63,60,68,355
678,meowstic-male,6,psychic,,keen-eye,infiltrator,prankster,0,74,48,76,83,81,104,466
679,honedge,6,steel,ghost,no-guard,,,0,45,80,100,35,37,28,325
680,doublade,6,steel,ghost,no-guard,,,0,59,110,150,45,49,35,448
681,aegislash-shield,6,steel,ghost,stance-change,,,0,60,50,140,50,140,60,500
682,spritzee,6,fairy,,healer,,aroma-veil,0,78,52,60,63,65,23,341
683,aromatisse,6,fairy,,healer,,aroma-veil,0,101,72,72,99,89,29,462
684,swirlix,6,fairy,,sweet-veil,,unburden,0,62,48,66,59,57,49,341
685,slurpuff,6,fairy,,sweet-veil,,unburden,0,82,80,86,85,75,72,480
686,inkay,6,dark,psychic,contrary,suction-cups,infiltrator,0,53,54,53,37,46,45,288
687,malamar,6,dark,psychic,contrary,suction-cups,infiltrator,0,86,92,88,68,75,73,482
688,binacle,6,rock,water,tough-claws,sniper,pickpocket,0,42,52,67,39,56,50,306
689,barbaracle,6,rock,water,tough-claws,sniper,pickpocket,0,72,105,115,54,86,68,500
690,skrelp,6,poison,water,poison-point,poison-touch,adaptability,0,50,60,60,60,60,30,320
691,dragalge,6,poison,dragon,poison-point,poison-touch,adaptability,0,65,75,90,97,123,44,494
692,clauncher,6,water,,mega-launcher,,,0,50,53,62,58,63,44,330
693,clawitzer,6,water,,mega-launcher,,,0,71,73,88,120,89,59,500
694,helioptile,6,electric,normal,dry-skin,sand-veil,solar-power,0,44,38,33,61,43,70,289
695,heliolisk,6,electric,normal,dry-skin,sand-veil,solar-power,0,62,55,52,109,94,109,481
696,tyrunt,6,rock,dragon,strong-jaw,,sturdy,0,58,89,77,45,45,48,362
697,tyrantrum,6,rock,dragon,strong-jaw,,rock-head,0,82,121,119,69,59,71,521
698,amaura,6,rock,ice,refrigerate,,snow-warning,0,77,59,50,67,63,46,362
699,aurorus,6,rock,ice,refrigerate,,snow-warning,0,123,77,72,99,92,58,521
700,sylveon,6,fairy,,cute-charm,,pixilate,0,95,65,65,110,130,60,525
701,hawlucha,6,fighting,flying,limber,unburden,mold-breaker,0,78,92,75,74,63,118,500
702,dedenne,6,electric,fairy,cheek-pouch,pickup,plus,0,67,58,57,81,67,101,431
703,carbink,6,rock,fairy,clear-body,,sturdy,0,50,50,150,50,150,50,500
704,goomy,6,dragon,,sap-sipper,hydration,gooey,0,45,50,35,55,75,40,300
705,sliggoo,6,dragon,,sap-sipper,hydration,gooey,0,68,75,53,83,113,60,452
706,goodra,6,dragon,,sap-sipper,hydration,gooey,0,90,100,70,110,150,80,600
707,klefki,6,steel,fairy,prankster,,magician,0,57,80,91,80,87,75,470
708,phantump,6,ghost,grass,natural-cure,frisk,harvest,0,43,70,48,50,60,38,309
709,trevenant,6,ghost,grass,natural-cure,frisk,harvest,0,85,110,76,65,82,56,474
710,pumpkaboo-average,6,ghost,grass,pickup,frisk,insomnia,0,49,66,70,44,55,51,335
711,gourgeist-average,6,ghost,grass,pickup,frisk,insomnia,0,65,90,122,58,75,84,494
712,bergmite,6,ice,,own-tempo,ice-body,sturdy,0,55,69,85,32,35,28,304
713,avalugg,6,ice,,own-tempo,ice-body,sturdy,0,95,117,184,44,46,28,514
714,noibat,6,flying,dragon,frisk,infiltrator,telepathy,0,40,30,35,45,40,55,245
715,noivern,6,flying,dragon,frisk,infiltrator,telepathy,0,85,70,80,97,80,123,535
716,xerneas,6,fairy,,fairy-aura,,,1,126,131,95,131,98,99,680
717,yveltal,6,dark,flying,dark-aura,,,1,126,131,95,131,98,99,680
718,zygarde-50,6,dragon,ground,aura-break,,,1,108,100,121,81,95,95,600
719,diancie,6,rock,fairy,clear-body,,,1,50,100,150,100,150,50,600
720,hoopa,6,psychic,ghost,magician,,,1,80,110,60,150,130,70,600
721,volcanion,6,fire,water,water-absorb,,,1,80,110,120,130,90,70,600
722,rowlet,7,grass,flying,overgrow,,long-reach,0,68,55,55,50,50,42,320
723,dartrix,7,grass,flying,overgrow,,long-reach,0,78,75,75,70,70,52,420
724,decidueye,7,grass,ghost,overgrow,,long-reach,0,78,107,75,100,100,70,530
725,litten,7,fire,,blaze,,intimidate,0,45,65,40,60,40,70,320
726,torracat,7,fire,,blaze,,intimidate,0,65,85,50,80,50,90,420
727,incineroar,7,fire,dark,blaze,,intimidate,0,95,115,90,80,90,60,530
728,popplio,7,water,,torrent,,liquid-voice,0,50,54,54,66,56,40,320
729,brionne,7,water,,torrent,,liquid-voice,0,60,69,69,91,81,50,420
730,primarina,7,water,fairy,torrent,,liquid-voice,0,80,74,74,126,116,60,530
731,pikipek,7,normal,flying,keen-eye,skill-link,pickup,0,35,75,30,30,30,65,265
732,trumbeak,7,normal,flying,keen-eye,skill-link,pickup,0,55,85,50,40,50,75,355
733,toucannon,7,normal,flying,keen-eye,skill-link,sheer-force,0,80,120,75,75,75,60,485
734,yungoos,7,normal,,stakeout,strong-jaw,adaptability,0,48,70,30,30,30,45,253
735,gumshoos,7,normal,,stakeout,strong-jaw,adaptability,0,88,110,60,55,60,45,418
736,grubbin,7,bug,,swarm,,,0,47,62,45,55,45,46,300
737,charjabug,7,bug,electric,battery,,,0,57,82,95,55,75,36,400
738,vikavolt,7,bug,electric,levitate,,,0,77,70,90,145,75,43,500
739,crabrawler,7,fighting,,hyper-cutter,iron-fist,anger-point,0,47,82,57,42,47,63,338
740,crabominable,7,fighting,ice,hyper-cutter,iron-fist,anger-point,0,97,132,77,62,67,43,478
741,oricorio-baile,7,fire,flying,dancer,,,0,75,70,70,98,70,93,476
742,cutiefly,7,bug,fairy,honey-gather,shield-dust,sweet-veil,0,40,45,40,55,40,84,304
743,ribombee,7,bug,fairy,honey-gather,shield-dust,sweet-veil,0,60,55,60,95,70,124,464
744,rockruff,7,rock,,keen-eye,vital-spirit,steadfast,0,45,65,40,30,40,60,280
745,lycanroc-midday,7,rock,,keen-eye,sand-rush,steadfast,0,75,115,65,55,65,112,487
746,wishiwashi-solo,7,water,,schooling,,,0,45,20,20,25,25,40,175
747,mareanie,7,poison,water,merciless,limber,regenerator,0,50,53,62,43,52,45,305
748,toxapex,7,poison,water,merciless,limber,regenerator,0,50,63,152,53,142,35,495
749,mudbray,7,ground,,own-tempo,stamina,inner-focus,0,70,100,70,45,55,45,385
750,mudsdale,7,ground,,own-tempo,stamina,inner-focus,0,100,125,100,55,85,35,500
751,dewpider,7,water,bug,water-bubble,,water-absorb,0,38,40,52,40,72,27,269
752,araquanid,7,water,bug,water-bubble,,water-absorb,0,68,70,92,50,132,42,454
753,fomantis,7,grass,,leaf-guard,,contrary,0,40,55,35,50,35,35,250
754,lurantis,7,grass,,leaf-guard,,contrary,0,70,105,90,80,90,45,480
755,morelull,7,grass,fairy,illuminate,effect-spore,rain-dish,0,40,35,55,65,75,15,285
756,shiinotic,7,grass,fairy,illuminate,effect-spore,rain-dish,0,60,45,80,90,100,30,405
757,salandit,7,poison,fire,corrosion,,oblivious,0,48,44,40,71,40,77,320
758,salazzle,7,poison,fire,corrosion,,oblivious,0,68,64,60,111,60,117,480
759,stufful,7,normal,fighting,fluffy,klutz,cute-charm,0,70,75,50,45,50,50,340
760,bewear,7,normal,fighting,fluffy,klutz,unnerve,0,120,125,80,55,60,60,500
761,bounsweet,7,grass,,leaf-guard,oblivious,sweet-veil,0,42,30,38,30,38,32,210
762,steenee,7,grass,,leaf-guard,oblivious,sweet-veil,0,52,40,48,40,48,62,290
763,tsareena,7,grass,,leaf-guard,queenly-majesty,sweet-veil,0,72,120,98,50,98,72,510
764,comfey,7,fairy,,flower-veil,triage,natural-cure,0,51,52,90,82,110,100,485
765,oranguru,7,normal,psychic,inner-focus,telepathy,symbiosis,0,90,60,80,90,110,60,490
766,passimian,7,fighting,,receiver,,defiant,0,100,120,90,40,60,80,490
767,wimpod,7,bug,water,wimp-out,,,0,25,35,40,20,30,80,230
768,golisopod,7,bug,water,emergency-exit,,,0,75,125,140,60,90,40,530
769,sandygast,7,ghost,ground,water-compaction,,sand-veil,0,55,55,80,70,45,15,320
770,palossand,7,ghost,ground,water-compaction,,sand-veil,0,85,75,110,100,75,35,480
771,pyukumuku,7,water,,innards-out,,unaware,0,55,60,130,30,130,5,410
772,type-null,7,normal,,battle-armor,,,0,95,95,95,95,95,59,534
773,silvally,7,normal,,rks-system,,,1,95,95,95,95,95,95,570
774,minior-red-meteor,7,rock,flying,shields-down,,,0,60,60,100,60,100,60,440
775,komala,7,normal,,comatose,,,0,65,115,65,75,95,65,480
776,turtonator,7,fire,dragon,shell-armor,,,0,60,78,135,91,85,36,485
777,togedemaru,7,electric,steel,iron-barbs,lightning-rod,sturdy,0,65,98,63,40,73,96,435
778,mimikyu-disguised,7,ghost,fairy,disguise,,,0,55,90,80,50,105,96,476
779,bruxish,7,water,psychic,dazzling,strong-jaw,wonder-skin,0,68,105,70,70,70,92,475
780,drampa,7,normal,dragon,berserk,sap-sipper,cloud-nine,0,78,60,85,135,91,36,485
781,dhelmise,7,ghost,grass,steelworker,,,0,70,131,100,86,90,40,517
782,jangmo-o,7,dragon,,bulletproof,soundproof,overcoat,0,45,55,65,45,45,45,300
783,hakamo-o,7,dragon,fighting,bulletproof,soundproof,overcoat,0,55,75,90,65,70,65,420
784,kommo-o,7,dragon,fighting,bulletproof,soundproof,overcoat,0,75,110,125,100,105,85,600
785,tapu-koko,7,electric,fairy,electric-surge,,telepathy,1,70,115,85,95,75,130,570
786,tapu-lele,7,psychic,fairy,psychic-surge,,telepathy,1,70,85,75,130,115,95,570
787,tapu-bulu,7,grass,fairy,grassy-surge,,telepathy,1,70,130,115,85,95,75,570
788,tapu-fini,7,water,fairy,misty-surge,,telepathy,1,70,75,115,95,130,85,570
789,cosmog,7,psychic,,unaware,,,1,43,29,31,29,31,37,200
790,cosmoem,7,psychic,,sturdy,,,1,43,29,131,29,131,37,400
791,solgaleo,7,psychic,steel,full-metal-body,,,1,137,137,107,113,89,97,680
792,lunala,7,psychic,ghost,shadow-shield,,,1,137,113,89,137,107,97,680
793,nihilego,7,rock,poison,beast-boost,,,0,109,53,47,127,131,103,570
794,buzzwole,7,bug,fighting,beast-boost,,,0,107,139,139,53,53,79,570
795,pheromosa,7,bug,fighting,beast-boost,,,0,71,137,37,137,37,151,570
796,xurkitree,7,electric,,beast-boost,,,0,83,89,71,173,71,83,570
797,celesteela,7,steel,flying,beast-boost,,,0,97,101,103,107,101,61,570
798,kartana,7,grass,steel,beast-boost,,,0,59,181,131,59,31,109,570
799,guzzlord,7,dark,dragon,beast-boost,,,0,223,101,53,97,53,43,570
800,necrozma,7,psychic,,prism-armor,,,1,97,107,101,127,89,79,600
801,magearna,7,steel,fairy,soul-heart,,,1,80,95,115,130,115,65,600
802,marshadow,7,fighting,ghost,technician,,,1,90,125,80,90,90,125,600
803,poipole,7,poison,,beast-boost,,,0,67,73,67,73,67,73,420
804,naganadel,7,poison,dragon,beast-boost,,,0,73,73,73,127,73,121,540
805,stakataka,7,rock,steel,beast-boost,,,0,61,131,211,53,101,13,570
806,blacephalon,7,fire,ghost,beast-boost,,,0,53,127,53,151,79,107,570
807,zeraora,7,electric,,volt-absorb,,,1,88,112,75,102,80,143,600
808,meltan,7,steel,,magnet-pull,,,1,46,65,65,55,35,34,300
809,melmetal,7,steel,,iron-fist,,,1,135,143,143,80,65,34,600
810,grookey,8,grass,,overgrow,,grassy-surge,0,50,65,50,40,40,65,310
811,thwackey,8,grass,,overgrow,,grassy-surge,0,70,85,70,55,60,80,420
812,rillaboom,8,grass,,overgrow,,grassy-surge,0,100,125,90,60,70,85,530
813,scorbunny,8,fire,,blaze,,libero,0,50,71,40,40,40,69,310
814,raboot,8,fire,,blaze,,libero,0,65,86,60,55,60,94,420
815,cinderace,8,fire,,blaze,,libero,0,80,116,75,65,75,119,530
816,sobble,8,water,,torrent,,sniper,0,50,40,40,70,40,70,310
817,drizzile,8,water,,torrent,,sniper,0,65,60,55,95,55,90,420
818,inteleon,8,water,,torrent,,sniper,0,70,85,65,125,65,120,530
819,skwovet,8,normal,,cheek-pouch,,gluttony,0,70,55,55,35,35,25,275
820,greedent,8,normal,,cheek-pouch,,gluttony,0,120,95,95,55,75,20,460
821,rookidee,8,flying,,keen-eye,unnerve,big-pecks,0,38,47,35,33,35,57,245
822,corvisquire,8,flying,,keen-eye,unnerve,big-pecks,0,68,67,55,43,55,77,365
823,corviknight,8,flying,steel,pressure,unnerve,mirror-armor,0,98,87,105,53,85,67,495
824,blipbug,8,bug,,swarm,compound-eyes,telepathy,0,25,20,20,25,45,45,180
825,dottler,8,bug,psychic,swarm,compound-eyes,telepathy,0,50,35,80,50,90,30,335
826,orbeetle,8,bug,psychic,swarm,frisk,telepathy,0,60,45,110,80,120,90,505
827,nickit,8,dark,,run-away,unburden,stakeout,0,40,28,28,47,52,50,245
828,thievul,8,dark,,run-away,unburden,stakeout,0,70,58,58,87,92,90,455
829,gossifleur,8,grass,,cotton-down,regenerator,effect-spore,0,40,40,60,40,60,10,250
830,eldegoss,8,grass,,cotton-down,regenerator,effect-spore,0,60,50,90,80,120,60,460
831,wooloo,8,normal,,fluffy,run-away,bulletproof,0,42,40,55,40,45,48,270
832,dubwool,8,normal,,fluffy,steadfast,bulletproof,0,72,80,100,60,90,88,490
833,chewtle,8,water,,strong-jaw,shell-armor,swift-swim,0,50,64,50,38,38,44,284
834,drednaw,8,water,rock,strong-jaw,shell-armor,swift-swim,0,90,115,90,48,68,74,485
835,yamper,8,electric,,ball-fetch,,rattled,0,59,45,50,40,50,26,270
836,boltund,8,electric,,strong-jaw,,competitive,0,69,90,60,90,60,121,490
837,rolycoly,8,rock,,steam-engine,heatproof,flash-fire,0,30,40,50,40,50,30,240
838,carkol,8,rock,fire,steam-engine,flame-body,flash-fire,0,80,60,90,60,70,50,410
839,coalossal,8,rock,fire,steam-engine,flame-body,flash-fire,0,110,80,120,80,90,30,510
840,applin,8,grass,dragon,ripen,gluttony,bulletproof,0,40,40,80,40,40,20,260
841,flapple,8,grass,dragon,ripen,gluttony,hustle,0,70,110,80,95,60,70,485
842,appletun,8,grass,dragon,ripen,gluttony,thick-fat,0,110,85,80,100,80,30,485
843,silicobra,8,ground,,sand-spit,shed-skin,sand-veil,0,52,57,75,35,50,46,315
844,sandaconda,8,ground,,sand-spit,shed-skin,sand-veil,0,72,107,125,65,70,71,510
845,cramorant,8,flying,water,gulp-missile,,,0,70,85,55,85,95,85,475
846,arrokuda,8,water,,swift-swim,,propeller-tail,0,41,63,40,40,30,66,280
847,barraskewda,8,water,,swift-swim,,propeller-tail,0,61,123,60,60,50,136,490
848,toxel,8,electric,poison,rattled,static,klutz,0,40,38,35,54,35,40,242
849,toxtricity-amped,8,electric,poison,punk-rock,plus,technician,0,75,98,70,114,70,75,502
850,sizzlipede,8,fire,bug,flash-fire,white-smoke,flame-body,0,50,65,45,50,50,45,305
851,centiskorch,8,fire,bug,flash-fire,white-smoke,flame-body,0,100,115,65,90,90,65,525
852,clobbopus,8,fighting,,limber,,technician,0,50,68,60,50,50,32,310
853,grapploct,8,fighting,,limber,,technician,0,80,118,90,70,80,42,480
854,sinistea,8,ghost,,weak-armor,,cursed-body,0,40,45,45,74,54,50,308
855,polteageist,8,ghost,,weak-armor,,cursed-body,0,60,65,65,134,114,70,508
856,hatenna,8,psychic,,healer,anticipation,magic-bounce,0,42,30,45,56,53,39,265
857,hattrem,8,psychic,,healer,anticipation,magic-bounce,0,57,40,65,86,73,49,370
858,hatterene,8,psychic,fairy,healer,anticipation,magic-bounce,0,57,90,95,136,103,29,510
859,impidimp,8,dark,fairy,prankster,frisk,pickpocket,0,45,45,30,55,40,50,265
860,morgrem,8,dark,fairy,prankster,frisk,pickpocket,0,65,60,45,75,55,70,370
861,grimmsnarl,8,dark,fairy,prankster,frisk,pickpocket,0,95,120,65,95,75,60,510
862,obstagoon,8,dark,normal,reckless,guts,defiant,0,93,90,101,60,81,95,520
863,perrserker,8,steel,,battle-armor,tough-claws,steely-spirit,0,70,110,100,50,60,50,440
864,cursola,8,ghost,,weak-armor,,perish-body,0,60,95,50,145,130,30,510
865,sirfetchd,8,fighting,,steadfast,,scrappy,0,62,135,95,68,82,65,507
866,mr-rime,8,ice,psychic,tangled-feet,screen-cleaner,ice-body,0,80,85,75,110,100,70,520
867,runerigus,8,ground,ghost,wandering-spirit,,,0,58,95,145,50,105,30,483
868,milcery,8,fairy,,sweet-veil,,aroma-veil,0,45,40,40,50,61,34,270
869,alcremie,8,fairy,,sweet-veil,,aroma-veil,0,65,60,75,110,121,64,495
870,falinks,8,fighting,,battle-armor,,defiant,0,65,100,100,70,60,75,470
871,pincurchin,8,electric,,lightning-rod,,electric-surge,0,48,101,95,91,85,15,435
872,snom,8,ice,bug,shield-dust,,ice-scales,0,30,25,35,45,30,20,185
873,frosmoth,8,ice,bug,shield-dust,,ice-scales,0,70,65,60,125,90,65,475
874,stonjourner,8,rock,,power-spot,,,0,100,125,135,20,20,70,470
875,eiscue-ice,8,ice,,ice-face,,,0,75,80,110,65,90,50,470
876,indeedee-male,8,psychic,normal,inner-focus,synchronize,psychic-surge,0,60,65,55,105,95,95,475
877,morpeko-full-belly,8,electric,dark,hunger-switch,,,0,58,95,58,70,58,97,436
878,cufant,8,steel,,sheer-force,,heavy-metal,0,72,80,49,40,49,40,330
879,copperajah,8,steel,,sheer-force,,heavy-metal,0,122,130,69,80,69,30,500
880,dracozolt,8,electric,dragon,volt-absorb,hustle,sand-rush,0,90,100,90,80,70,75,505
881,arctozolt,8,electric,ice,volt-absorb,static,slush-rush,0,90,100,90,90,80,55,505
882,dracovish,8,water,dragon,water-absorb,strong-jaw,sand-rush,0,90,90,100,70,80,75,505
883,arctovish,8,water,ice,water-absorb,ice-body,slush-rush,0,90,90,100,80,90,55,505
884,duraludon,8,steel,dragon,light-metal,heavy-metal,stalwart,0,70,95,115,120,50,85,535
885,dreepy,8,dragon,ghost,clear-body,infiltrator,cursed-body,0,28,60,30,40,30,82,270
886,drakloak,8,dragon,ghost,clear-body,infiltrator,cursed-body,0,68,80,50,60,50,102,410
887,dragapult,8,dragon,ghost,clear-body,infiltrator,cursed-body,0,88,120,75,100,75,142,600
888,zacian,8,fairy,,intrepid-sword,,,1,92,120,115,80,115,138,660
889,zamazenta,8,fighting,,dauntless-shield,,,1,92,120,115,80,115,138,660
890,eternatus,8,poison,dragon,pressure,,,1,140,85,95,145,95,130,690
891,kubfu,8,fighting,,inner-focus,,,1,60,90,60,53,50,72,385
892,urshifu-single-strike,8,fighting,dark,unseen-fist,,,1,100,130,100,63,60,97,550
893,zarude,8,dark,grass,leaf-guard,,,1,105,120,105,70,95,105,600
894,regieleki,8,electric,,transistor,,,1,80,100,50,100,50,200,580
895,regidrago,8,dragon,,dragons-maw,,,1,200,100,50,100,50,80,580
896,glastrier,8,ice,,chilling-neigh,,,1,100,145,130,65,110,30,580
897,spectrier,8,ghost,,grim-neigh,,,1,100,65,60,145,80,130,580
898,calyrex,8,psychic,grass,unnerve,,,1,100,80,80,80,80,80,500
899,wyrdeer,8,normal,psychic,intimidate,frisk,sap-sipper,0,103,105,72,105,75,65,525
900,kleavor,8,bug,rock,swarm,sheer-force,sharpness,0,70,135,95,45,70,85,500
901,ursaluna,8,ground,normal,guts,bulletproof,unnerve,0,130,140,105,45,80,50,550
902,basculegion-male,8,water,ghost,swift-swim,adaptability,mold-breaker,0,120,112,65,80,75,78,530
903,sneasler,8,fighting,poison,pressure,unburden,poison-touch,0,80,130,60,40,80,120,510
904,overqwil,8,dark,poison,poison-point,swift-swim,intimidate,0,85,115,95,65,65,85,510
905,enamorus-incarnate,8,fairy,flying,cute-charm,,contrary,1,74,115,70,135,80,106,580
906,sprigatito,9,grass,,overgrow,,protean,0,40,61,54,45,45,65,310
907,floragato,9,grass,,overgrow,,protean,0,61,80,63,60,63,83,410
908,meowscarada,9,grass,dark,overgrow,,protean,0,76,110,70,81,70,123,530
909,fuecoco,9,fire,,blaze,,unaware,0,67,45,59,63,40,36,310
910,crocalor,9,fire,,blaze,,unaware,0,81,55,78,90,58,49,411
911,skeledirge,9,fire,ghost,blaze,,unaware,0,104,75,100,110,75,66,530
912,quaxly,9,water,,torrent,,moxie,0,55,65,45,50,45,50,310
913,quaxwell,9,water,,torrent,,moxie,0,70,85,65,65,60,65,410
914,quaquaval,9,water,fighting,torrent,,moxie,0,85,120,80,85,75,85,530
915,lechonk,9,normal,,aroma-veil,gluttony,thick-fat,0,54,45,40,35,45,35,254
916,oinkologne-male,9,normal,,lingering-aroma,gluttony,thick-fat,0,110,100,75,59,80,65,489
917,tarountula,9,bug,,insomnia,,stakeout,0,35,41,45,29,40,20,210
918,spidops,9,bug,,insomnia,,stakeout,0,60,79,92,52,86,35,404
919,nymble,9,bug,,swarm,,tinted-lens,0,33,46,40,21,25,45,210
920,lokix,9,bug,dark,swarm,,tinted-lens,0,71,102,78,52,55,92,450
921,pawmi,9,electric,,static,natural-cure,iron-fist,0,45,50,20,40,25,60,240
922,pawmo,9,electric,fighting,volt-absorb,natural-cure,iron-fist,0,60,75,40,50,40,85,350
923,pawmot,9,electric,fighting,volt-absorb,natural-cure,iron-fist,0,70,115,70,70,60,105,490
924,tandemaus,9,normal,,run-away,pickup,own-tempo,0,50,50,45,40,45,75,305
925,maushold-family-of-four,9,normal,,friend-guard,cheek-pouch,technician,0,74,75,70,65,75,111,470
926,fidough,9,fairy,,own-tempo,,klutz,0,37,55,70,30,55,65,312
927,dachsbun,9,fairy,,well-baked-body,,aroma-veil,0,57,80,115,50,80,95,477
928,smoliv,9,grass,normal,early-bird,,harvest,0,41,35,45,58,51,30,260
929,dolliv,9,grass,normal,early-bird,,harvest,0,52,53,60,78,78,33,354
930,arboliva,9,grass,normal,seed-sower,,harvest,0,78,69,90,125,109,39,510
931,squawkabilly-green-plumage,9,normal,flying,intimidate,hustle,guts,0,82,96,51,45,51,92,417
932,nacli,9,rock,,purifying-salt,sturdy,clear-body,0,55,55,75,35,35,25,280
933,naclstack,9,rock,,purifying-salt,sturdy,clear-body,0,60,60,100,35,65,35,355
934,garganacl,9,rock,,purifying-salt,sturdy,clear-body,0,100,100,130,45,90,35,500
935,charcadet,9,fire,,flash-fire,,flame-body,0,40,50,40,50,40,35,255
936,armarouge,9,fire,psychic,flash-fire,,weak-armor,0,85,60,100,125,80,75,525
937,ceruledge,9,fire,ghost,flash-fire,,weak-armor,0,75,125,80,60,100,85,525
938,tadbulb,9,electric,,own-tempo,static,damp,0,61,31,41,59,35,45,272
939,bellibolt,9,electric,,electromorphosis,static,damp,0,109,64,91,103,83,45,495
940,wattrel,9,electric,flying,wind-power,volt-absorb,competitive,0,40,40,35,55,40,70,280
941,kilowattrel,9,electric,flying,wind-power,volt-absorb,competitive,0,70,70,60,105,60,125,490
942,maschiff,9,dark,,intimidate,run-away,stakeout,0,60,78,60,40,51,51,340
943,mabosstiff,9,dark,,intimidate,guard-dog,stakeout,0,80,120,90,60,70,85,505
944,shroodle,9,poison,normal,unburden,pickpocket,prankster,0,40,65,35,40,35,75,290
945,grafaiai,9,poison,normal,unburden,poison-touch,prankster,0,63,95,65,80,72,110,485
946,bramblin,9,grass,ghost,wind-rider,,infiltrator,0,40,65,30,45,35,60,275
947,brambleghast,9,grass,ghost,wind-rider,,infiltrator,0,55,115,70,80,70,90,480
948,toedscool,9,ground,grass,mycelium-might,,mycelium-might,0,40,40,35,50,100,70,335
949,toedscruel,9,ground,grass,mycelium-might,,mycelium-might,0,80,70,65,80,120,100,515
950,klawf,9,rock,,anger-shell,shell-armor,regenerator,0,70,100,115,35,55,75,450
951,capsakid,9,grass,,chlorophyll,insomnia,klutz,0,50,62,40,62,40,50,304
952,scovillain,9,grass,fire,chlorophyll,insomnia,moody,0,65,108,65,108,65,75,486
953,rellor,9,bug,,compound-eyes,,shed-skin,0,41,50,60,31,58,30,270
954,rabsca,9,bug,psychic,synchronize,,telepathy,0,75,50,85,115,100,45,470
955,flittle,9,psychic,,anticipation,frisk,speed-boost,0,30,35,30,55,30,75,255
956,espathra,9,psychic,,opportunist,frisk,speed-boost,0,95,60,60,101,60,105,481
957,tinkatink,9,fairy,steel,mold-breaker,own-tempo,pickpocket,0,50,45,45,35,64,58,297
958,tinkatuff,9,fairy,steel,mold-breaker,own-tempo,pickpocket,0,65,55,55,45,82,78,380
959,tinkaton,9,fairy,steel,mold-breaker,own-tempo,pickpocket,0,85,75,77,70,105,94,506
960,wiglett,9,water,,gooey,rattled,sand-veil,0,10,55,25,35,25,95,245
961,wugtrio,9,water,,gooey,rattled,sand-veil,0,35,100,50,50,70,120,425
962,bombirdier,9,flying,dark,big-pecks,keen-eye,rocky-payload,0,70,103,85,60,85,82,485
963,finizen,9,water,,water-veil,,water-veil,0,70,45,40,45,40,75,315
964,palafin-zero,9,water,,zero-to-hero,,zero-to-hero,0,100,70,72,53,62,100,457
965,varoom,9,steel,poison,overcoat,,slow-start,0,45,70,63,30,45,47,300
966,revavroom,9,steel,poison,overcoat,,filter,0,80,119,90,54,67,90,500
967,cyclizar,9,dragon,normal,shed-skin,,regenerator,0,70,95,65,85,65,121,501
968,orthworm,9,steel,,earth-eater,,sand-veil,0,70,85,145,60,55,65,480
969,glimmet,9,rock,poison,toxic-debris,,corrosion,0,48,35,42,105,60,60,350
970,glimmora,9,rock,poison,toxic-debris,,corrosion,0,83,55,90,130,81,86,525
971,greavard,9,ghost,,pickup,,fluffy,0,50,61,60,30,55,34,290
972,houndstone,9,ghost,,sand-rush,,fluffy,0,72,101,100,50,97,68,488
973,flamigo,9,flying,fighting,scrappy,tangled-feet,costar,0,82,115,74,75,64,90,500
974,cetoddle,9,ice,,thick-fat,snow-cloak,sheer-force,0,108,68,45,30,40,43,334
975,cetitan,9,ice,,thick-fat,slush-rush,sheer-force,0,170,113,65,45,55,73,521
976,veluza,9,water,psychic,mold-breaker,,sharpness,0,90,102,73,78,65,70,478
977,dondozo,9,water,,unaware,oblivious,water-veil,0,150,100,115,65,65,35,530
978,tatsugiri-curly,9,dragon,water,commander,,storm-drain,0,68,50,60,120,95,82,475
979,annihilape,9,fighting,ghost,vital-spirit,inner-focus,defiant,0,110,115,80,50,90,90,535
980,clodsire,9,poison,ground,poison-point,water-absorb,unaware,0,130,75,60,45,100,20,430
981,farigiraf,9,normal,psychic,cud-chew,armor-tail,sap-sipper,0,120,90,70,110,70,60,520
982,dudunsparce-two-segment,9,normal,,serene-grace,run-away,rattled,0,125,100,80,85,75,55,520
983,kingambit,9,dark,steel,defiant,supreme-overlord,pressure,0,100,135,120,60,85,50,550
984,great-tusk,9,ground,fighting,protosynthesis,,,0,115,131,131,53,53,87,570
985,scream-tail,9,fairy,psychic,protosynthesis,,,0,115,65,99,65,115,111,570
986,brute-bonnet,9,grass,dark,protosynthesis,,,0,111,127,99,79,99,55,570
987,flutter-mane,9,ghost,fairy,protosynthesis,,,0,55,55,55,135,135,135,570
988,slither-wing,9,bug,fighting,protosynthesis,,,0,85,135,79,85,105,81,570
989,sandy-shocks,9,electric,ground,protosynthesis,,,0,85,81,97,121,85,101,570
990,iron-treads,9,ground,steel,quark-drive,,,0,90,112,120,72,70,106,570
991,iron-bundle,9,ice,water,quark-drive,,,0,56,80,114,124,60,136,570
992,iron-hands,9,fighting,electric,quark-drive,,,0,154,140,108,50,68,50,570
993,iron-jugulis,9,dark,flying,quark-drive,,,0,94,80,86,122,80,108,570
994,iron-moth,9,fire,poison,quark-drive,,,0,80,70,60,140,110,110,570
995,iron-thorns,9,rock,electric,quark-drive,,,0,100,134,110,70,84,72,570
996,frigibax,9,dragon,ice,thermal-exchange,,ice-body,0,65,75,45,35,45,55,320
997,arctibax,9,dragon,ice,thermal-exchange,,ice-body,0,90,95,66,45,65,62,423
998,baxcalibur,9,dragon,ice,thermal-exchange,,ice-body,0,115,145,92,75,86,87,600
999,gimmighoul,9,ghost,,rattled,,,0,45,30,70,75,70,10,300
1000,gholdengo,9,steel,ghost,good-as-gold,,,0,87,60,95,133,91,84,550
1001,wo-chien,9,dark,grass,tablets-of-ruin,,,1,85,85,100,95,135,70,570
1002,chien-pao,9,dark,ice,sword-of-ruin,,,1,80,120,80,90,65,135,570
1003,ting-lu,9,dark,ground,vessel-of-ruin,,,1,155,110,125,55,80,45,570
1004,chi-yu,9,dark,fire,beads-of-ruin,,,1,55,80,80,135,120,100,570
1005,roaring-moon,9,dragon,dark,protosynthesis,,,0,105,139,71,55,101,119,590
1006,iron-valiant,9,fairy,fighting,quark-drive,,,0,74,130,90,120,60,116,590
1007,koraidon,9,fighting,dragon,orichalcum-pulse,,,1,100,135,115,85,100,135,670
1008,miraidon,9,electric,dragon,hadron-engine,,,1,100,85,100,135,115,135,670
1009,walking-wake,9,water,dragon,protosynthesis,,,0,99,83,91,125,83,109,590
1010,iron-leaves,9,grass,psychic,quark-drive,,,0,90,130,88,70,108,104,590
1011,dipplin,9,grass,dragon,supersweet-syrup,gluttony,sticky-hold,0,80,80,110,95,80,40,485
1012,poltchageist,9,grass,ghost,hospitality,,heatproof,0,40,45,45,74,54,50,308
1013,sinistcha,9,grass,ghost,hospitality,,heatproof,0,71,60,106,121,80,70,508
1014,okidogi,9,poison,fighting,toxic-chain,,guard-dog,1,88,128,115,58,86,80,555
1015,munkidori,9,poison,psychic,toxic-chain,,frisk,1,88,75,66,130,90,106,555
1016,fezandipiti,9,poison,fairy,toxic-chain,,technician,1,88,91,82,70,125,99,555
1017,ogerpon,9,grass,,defiant,,,1,80,120,84,60,96,110,550
1018,archaludon,9,steel,dragon,stamina,sturdy,stalwart,0,90,105,130,125,65,85,600
1019,hydrapple,9,grass,dragon,supersweet-syrup,regenerator,sticky-hold,0,106,80,110,120,80,44,540
1020,gouging-fire,9,fire,dragon,protosynthesis,,,0,105,115,121,65,93,91,590
1021,raging-bolt,9,electric,dragon,protosynthesis,,,0,125,73,91,137,89,75,590
1022,iron-boulder,9,rock,psychic,quark-drive,,,0,90,120,80,68,108,124,590
1023,iron-crown,9,steel,psychic,quark-drive,,,0,90,72,100,122,108,98,590
1024,terapagos,9,normal,,tera-shift,,,1,90,65,85,65,85,60,450
